N_mgkg,P_mgkg,K_mgkg,pH,EC_dSm,soil_temp_C,soil_moisture_pct,atmo_temp_C,atmo_humidity_pct,fertility_rate,fertility_class
84.94481426168349,75.85293712157961,104.43190292126872,6.297704462840545,1.027526981286062,21.03709830381948,46.07363194347794,25.14046820483087,86.48060550740169,99.72,Very High
154.08571676918996,62.88770930752963,190.056227370806,6.197954694074328,1.027526981286062,21.03709830381948,37.524726226658196,24.963745588864,84.46488942895097,89.07,Very High
127.8392730173686,44.76220930290622,269.507000610338,5.064105164516089,1.027526981286062,21.03709830381948,48.10624545230394,32.87505496625244,78.35292644657835,82.33,Very High
111.8390181036444,85.10360157655589,235.73397273829468,5.853119569065391,1.027526981286062,21.03709830381948,59.89122862922336,24.994554398194072,90.59350859558184,94.69,Very High
58.72223685309238,74.77849380431034,253.574675486748,5.950489046964643,1.027526981286062,21.03709830381948,36.23374281821165,25.26339671354357,66.41518449690889,93.83,Very High
58.71934244034432,33.00935514759131,218.10800801057212,5.997056952242251,1.027526981286062,21.03709830381948,36.23396385563806,31.11277914901557,63.49645472990788,97.38,Very High
46.970033460183934,92.8741747595074,226.1463754842846,6.450430923068331,1.027526981286062,21.03709830381948,60.64763668853436,27.39687810940648,87.32678294257352,88.0,Very High
143.94113749299223,85.80297943385352,263.80695637567663,6.334006366817196,1.027526981286062,21.03709830381948,49.71842440185864,31.320526683462177,74.05279413227994,84.2,Very High
112.13380140918504,95.98399306335392,119.92032212620462,6.519762731983612,1.027526981286062,21.03709830381948,33.06554533877898,22.784393890772623,87.10300333462594,95.16,Very High
124.96870933552546,78.0575606710688,177.46199127435372,6.912208153855321,1.027526981286062,21.03709830381948,46.69086894332491,27.85085432408061,88.57888656625327,96.9,Very High
42.4701393154963,69.07321567486319,113.09026603670452,7.032464346790234,1.027526981286062,21.03709830381948,33.14708841810526,22.40336320219939,61.998642995810286,89.78,Very High
156.38918225943934,53.45944290324951,297.0403219191953,6.795307690566236,1.027526981286062,21.03709830381948,33.115960449432066,22.75183844146425,88.27087241555394,78.65,Very High
139.89311689605063,94.61827866832108,286.5742415247872,7.388809239887337,1.027526981286062,21.03709830381948,42.643830819813694,32.87724944013293,74.3462097718215,73.98,High
65.48069328139314,89.28511116003267,69.46243472844142,5.045581456690904,1.027526981286062,21.03709830381948,13.627153251119775,23.670944453411146,76.33383964813544,86.24,Very High
61.81899606485207,23.61749360849516,229.33804140376523,5.489444964208865,1.027526981286062,21.03709830381948,16.163133001947244,28.38904818730261,80.05096035498272,89.16,Very High
62.00854118241206,22.10935795978016,282.0595961797598,5.018907187445356,1.027526981286062,21.03709830381948,31.81597410344238,26.93314723120848,89.64424341536278,77.77,Very High
76.50906915514453,50.117069350243966,103.33808283056004,6.618686785386507,1.027526981286062,21.03709830381948,25.750170364424815,26.16811991510611,60.611715021752445,99.72,Very High
102.97077179586854,84.84426646254663,196.30685533263107,7.245076372374967,1.027526981286062,21.03709830381948,43.617026315508426,32.79800014824727,75.25899098617015,93.28,Very High
91.83340223705387,98.98209034519556,279.71719142113005,5.608705741440748,1.027526981286062,21.03709830381948,27.161219099488285,22.261880761305875,82.00710535777795,84.25,Very High
74.94749682376502,32.033351288282255,68.14703486059172,7.317586361990767,1.027526981286062,21.03709830381948,20.371950979283323,29.96547623410707,83.12662264634331,90.88,Very High
113.42234736668554,67.5304572281708,227.3808641392416,5.150668475723903,1.027526981286062,21.03709830381948,59.11868980744232,33.5607332105626,82.16103780918746,89.93,Very High
56.73926327824502,50.47126853048172,131.36376176941218,7.336090067013785,1.027526981286062,21.03709830381948,36.34652588567087,28.722018201542102,64.3019241410599,92.27,Very High
75.05735782422619,97.59315182516826,281.85508689036726,5.879056718099086,1.027526981286062,21.03709830381948,40.29537256627743,33.241869544397105,69.5806588278938,86.51,Very High
83.963421195243,87.36951385085669,293.0539788396883,5.253552071123042,1.027526981286062,21.03709830381948,20.204407140248964,22.62709455143229,71.47889681334443,82.37,Very High
94.72839810604432,87.06629637689103,286.6239573872241,6.214679397965814,1.027526981286062,21.03709830381948,32.057031869080184,27.025519828889937,85.74199064574415,89.04,Very High
134.22111536716164,57.49545278359762,173.8114119977913,5.64194141930127,1.027526981286062,21.03709830381948,40.87960421027804,25.12189349154461,68.9203159172657,93.56,Very High
63.960853859003166,53.185560187013216,266.89023623743526,5.712182254904807,1.027526981286062,21.03709830381948,23.890047691807148,30.76985157976876,66.7425588437505,92.08,Very High
101.7081326096334,41.8725657544565,262.6918556484169,5.768224912315716,1.027526981286062,21.03709830381948,44.44435536148445,33.77556508596696,90.63833660921908,93.11,Very High
111.0897482634451,24.51003973207417,136.5841135783813,7.007564744581659,1.027526981286062,21.03709830381948,31.29964090409385,25.07836074933097,60.283625123631005,93.71,Very High
45.574049526399726,89.17779010040425,258.9397137961625,6.347903191688136,1.027526981286062,21.03709830381948,35.45905945983419,29.850095217688896,91.9302673818233,85.2,Very High
112.9053822281726,85.03208073040621,68.88183233171823,5.778269247890009,1.027526981286062,21.03709830381948,31.285263145154147,24.37717159311688,81.65828156343666,95.27,Very High
60.46289484247498,99.97741386289044,203.1047708356928,6.525834458277296,1.027526981286062,21.03709830381948,64.32399779771332,28.78396305485932,86.51101758237175,93.71,Very High
47.806191158233545,99.73094696591244,115.20212094904872,6.790376685557984,1.027526981286062,21.03709830381948,39.20450286469304,27.567189840260035,69.42782068307818,89.01,Very High
153.86626447039998,64.4345364482102,88.93605258654691,5.681560001833835,1.027526981286062,21.03709830381948,25.145940016187367,33.66406395557844,60.45808888534592,87.85,Very High
155.87584396894712,81.51899321444084,78.4687683910102,6.0338727538133785,1.027526981286062,21.03709830381948,50.460389353543896,29.3023272723576,83.61182459396896,87.7,Very High
137.00768177397532,95.58125839059424,227.1093062107536,5.304715233342369,1.027526981286062,21.03709830381948,22.949635177652024,26.194076465041825,86.69262710402162,81.86,Very High
76.55365230080449,87.97179125419292,141.56999130433587,5.452873373836701,1.027526981286062,21.03709830381948,42.19821339230867,23.3691494186552,83.69523622251262,93.67,Very High
51.72065368076606,39.78784813945581,233.94402516690275,6.702794634912457,1.027526981286062,21.03709830381948,13.00259236866594,23.814961944819213,64.57120919362683,92.88,Very High
122.10796318145884,56.04353082480748,75.68552179174617,5.453595869239067,1.027526981286062,21.03709830381948,21.50445220836652,24.70380315941482,84.109693512223,94.22,Very High
92.81829924875215,30.3327532121196,135.66968107934647,6.31290845916765,1.027526981286062,21.03709830381948,42.03662202498891,25.011599936083577,84.6055290274445,99.72,Very High
54.64458818137346,96.3240821806978,189.4779101700809,6.772615654306081,1.027526981286062,21.03709830381948,49.328417505865474,32.207392694093656,81.07329650144176,92.83,Very High
99.42122921335242,68.49397075607041,249.77355956135125,5.26719230773686,1.027526981286062,21.03709830381948,41.69340271642851,28.7346734593903,84.51570984945876,88.96,Very High
44.12662253382621,38.29142444027702,136.50060070369676,6.418280549072259,1.027526981286062,21.03709830381948,37.82921248283228,28.2806909364924,87.06948606968743,93.11,Very High
149.11844824945385,73.73605475246853,210.2139303448822,5.641406959253409,1.027526981286062,21.03709830381948,35.33237053223259,23.37722646243061,79.63533165559866,87.88,Very High
71.05359779200202,69.45025923663167,272.6346595766849,7.40731718809395,1.027526981286062,21.03709830381948,19.48043425783214,32.32167632019322,62.83535084702973,85.56,Very High
119.50267412247784,48.65301744262724,207.8071651637531,6.208864116799812,1.027526981286062,21.03709830381948,29.694741191886678,30.673771638501805,75.60408990935075,98.94,Very High
77.40532913072931,29.08460737597032,115.9102739408721,7.014981374437896,1.027526981286062,21.03709830381948,33.18450187797378,22.81202034280001,62.484778709491366,96.67,Very High
102.4081625413373,73.72585564742397,65.85618757356913,6.375566355390655,1.027526981286062,21.03709830381948,53.618574215520404,30.494021166757225,73.04137699303779,96.19,Very High
105.60523352119355,61.62461607230347,268.8237297362232,5.108531332137048,1.027526981286062,21.03709830381948,44.012456334153455,28.522458608111755,73.02740765202009,85.33,Very High
62.18253466306325,81.78547133885115,65.10465860409292,6.582878438985055,1.027526981286062,21.03709830381948,15.649880715036371,22.98070414896134,62.11231501248773,95.49,Very High
156.35015533174703,61.61308008895947,269.92840144420785,7.378508355516642,1.027526981286062,21.03709830381948,43.74945991229555,27.49960769834388,71.16225708702333,74.8,High
133.01593880333374,88.1745200254832,186.94491216653088,6.5040295503658285,1.027526981286062,21.03709830381948,34.20174161216538,27.816355445560564,63.55193916132208,93.32,Very High
152.7398729877027,64.15254710195885,285.3762476430951,7.047972148566975,1.027526981286062,21.03709830381948,30.27261577596355,23.98929448195931,85.86352672029511,78.14,Very High
147.37928205131786,64.87503772283091,251.7079765856797,7.21051615837102,1.027526981286062,21.03709830381948,47.621401720134706,33.34837776400339,90.32601683086308,81.33,Very High
111.7479974573302,90.1322882126676,299.504186528001,5.570199429872331,1.027526981286062,21.03709830381948,53.26687640636626,32.19970445776794,62.31412720825404,84.38,Very High
150.624908202774,52.27862929699177,144.17083570841044,5.530112099770567,1.027526981286062,21.03709830381948,51.924324116574525,30.0282680479493,90.56368663333444,87.22,Very High
50.61910024623034,30.72121827605126,244.12518934347045,6.52745247212748,1.027526981286062,21.03709830381948,28.08758238697542,27.547546732007287,76.72245117877584,91.4,Very High
63.51794349029743,22.30261410506712,156.46341926621812,6.027571174516762,1.027526981286062,21.03709830381948,35.223200933499825,26.9411864990141,69.58610169452396,94.59,Very High
45.42727466926457,80.41098045388952,175.1701488729381,7.099653257166801,1.027526981286062,21.03709830381948,43.84611916648943,29.81168160581145,62.45958640883723,90.13,Very High
79.03963969159173,69.62476410827718,210.60131117240883,7.250057808495027,1.027526981286062,21.03709830381948,52.52027721940253,28.545182432882868,76.01997657825336,93.55,Very High
86.64127476273785,76.32638144793788,269.68250740472126,5.883553448256795,1.027526981286062,21.03709830381948,32.934953318053864,22.74727727058263,85.42449742370395,92.76,Very High
72.5618838128675,37.03713292071286,296.18003260783087,5.592176397436205,1.027526981286062,21.03709830381948,36.88663747010744,28.150031785243986,82.62676727253434,87.85,Very High
139.44850109823153,30.90971804694158,244.3856193274844,6.951313788109655,1.027526981286062,21.03709830381948,24.491299887902763,31.67684340679408,61.60723236684716,87.49,Very High
82.81039920323072,21.16357325343056,160.2640277201601,5.68701508887034,1.027526981286062,21.03709830381948,23.281330859753,27.5108785311635,62.33285873177292,92.61,Very High
73.7121411624857,48.04700470452776,161.12568054649682,7.056535796284196,1.027526981286062,21.03709830381948,50.325499338416044,22.62347893065122,72.89194504424438,96.81,Very High
105.12352997898982,67.19341494837064,237.019752381334,6.059345634121907,1.027526981286062,21.03709830381948,57.64568706271342,31.4353383926084,69.44929580953419,96.02,Very High
56.91090699697152,51.37952360797858,117.30651498439256,6.668874748228676,1.027526981286062,21.03709830381948,38.41672615348518,24.416365385631693,67.43629833779353,98.44,Very High
136.26363769048476,54.99799376189833,86.51378715153471,5.23883828458667,1.027526981286062,21.03709830381948,52.89708498659189,25.103450018656467,68.99214396507884,88.54,Very High
48.946077241572496,92.33269555949988,145.10931783378635,6.559648311691433,1.027526981286062,21.03709830381948,44.25503452059031,23.97647624118755,85.71144778550031,91.6,Very High
158.42643239206208,47.86043736186403,128.9373579969796,6.129419196843073,1.027526981286062,21.03709830381948,30.70077896526362,25.96258077845797,89.73529771621932,87.72,Very High
132.66937231559888,61.11915913278487,131.11394890943762,6.466521157938685,1.027526981286062,21.03709830381948,44.251797680096374,31.08101806826362,72.96328622488213,95.77,Very High
63.84588178410069,82.69224101929144,116.0658602519784,5.420035519362159,1.027526981286062,21.03709830381948,60.09326847570948,28.23263031404725,88.9955520682399,94.83,Very High
40.66265405483229,51.72342258570161,70.10236551272685,6.842184362360455,1.027526981286062,21.03709830381948,38.90388332779784,24.45857528980855,70.28786243993223,88.71,Very High
137.8553714145801,69.76693601822987,64.28974433601931,7.156992693858071,1.027526981286062,21.03709830381948,60.45148771407442,32.53396093782449,75.24598356300133,86.16,Very High
124.82288126171406,88.98909669973962,297.05337353664754,5.541849500226939,1.027526981286062,21.03709830381948,4.115804581334849,32.55498225941835,67.232927930112,83.14,Very High
127.48086016491848,95.96164989261138,162.66555209660697,5.239286388800404,1.027526981286062,21.03709830381948,50.451740425281905,32.44694110055208,80.495233349627,86.73,Very High
132.55244160231348,31.765878474323035,152.2383953183236,5.059096465115841,1.027526981286062,21.03709830381948,40.55816089097009,24.865554536578472,91.32739568559388,87.75,Very High
48.88535820809084,94.12701001291956,223.1153478463368,6.604928751108165,1.027526981286062,21.03709830381948,35.360594256505436,27.41487213017185,79.31177907338812,88.75,Very High
83.01588742531271,59.369303446363055,112.3809330876154,6.517735090221952,1.027526981286062,21.03709830381948,40.62162296207668,33.8198758736905,71.45005069163356,99.72,Very High
53.904287143015566,40.659551063916666,287.9906841480541,6.366743531785176,1.027526981286062,21.03709830381948,12.626982566605477,31.264149715719885,80.73015827169691,88.39,Very High
143.57241110507124,56.7308604990609,248.7228034597325,5.579867740289939,1.027526981286062,21.03709830381948,36.42871142732088,22.32600905470672,63.9334617108924,85.09,Very High
114.79577521930696,98.40260602283816,81.45864055494229,5.977264989763786,1.027526981286062,21.03709830381948,44.19413390650174,22.782455095125904,88.43709056849275,94.47,Very High
79.7077629823179,59.40944751942957,160.2193861883828,6.486190837965433,1.027526981286062,21.03709830381948,59.283551635070936,27.567176521747992,76.09868642495476,99.72,Very High
47.62700203432284,46.300128823000655,270.9883938149195,6.241917147147923,1.027526981286062,21.03709830381948,32.4085923866125,32.91064247033872,74.37919174526854,87.47,Very High
77.31787860587946,70.67206834533806,286.7356853499385,7.469463800537218,1.027526981286062,21.03709830381948,28.501227757802603,28.46442157543257,78.74767323051262,83.44,Very High
79.02199864320964,39.21164950225545,172.1763626999687,5.341099381391833,1.027526981286062,21.03709830381948,32.630914219066405,27.97375009641148,79.99308360926088,94.74,Very High
127.55274140056768,26.06906624869311,207.21873341056985,6.737861385118984,1.027526981286062,21.03709830381948,51.71055381276847,23.265684399479568,62.29682579924842,94.02,Very High
116.50689656262556,30.31037775285193,100.08814706209805,6.010796920260731,1.027526981286062,21.03709830381948,43.81229502398936,29.881361256691527,81.84375107914887,99.72,Very High
146.46552910915918,30.2436671166218,297.8804702728744,6.070499037314037,1.027526981286062,21.03709830381948,32.253899259588046,31.865237927202703,67.74181377009694,81.67,Very High
96.66579101943393,32.15221548098355,115.60120833202642,6.793994414145441,1.027526981286062,21.03709830381948,46.29649372715747,26.565040090090747,82.84648424021087,99.72,Very High
54.3513095125962,31.10617381195281,286.2556257924301,6.731090378310924,1.027526981286062,21.03709830381948,40.69320427195067,31.30734221110393,86.3211134202943,88.75,Very High
125.5893744667594,71.26997958425717,215.91519575816844,7.4781399842554706,1.027526981286062,21.03709830381948,52.4273786072559,33.57371984680974,85.72667224168065,88.68,Very High
131.2942058340277,34.55040675193159,205.8568307709262,5.320985723635313,1.027526981286062,21.03709830381948,29.934268312223153,24.44519750953227,77.68003095705245,90.4,Very High
107.35326370833955,47.65338266590906,183.04524264396207,5.260274123460416,1.027526981286062,21.03709830381948,34.974806126447184,28.279955574336896,76.64543655394404,93.86,Very High
132.51606159454732,91.74307279248094,115.36075481226209,6.810847042821853,1.027526981286062,21.03709830381948,34.10715017677024,25.445655497014908,64.57203076286117,92.34,Very High
99.25547156372689,57.916931221029785,102.36672768132198,6.445967292516023,1.027526981286062,21.03709830381948,19.682478576521934,31.51425302840608,84.81107681290034,99.72,Very High
102.72793952583928,73.40461908168217,112.91669017684208,5.685401666399515,1.027526981286062,21.03709830381948,43.37297632037115,28.931120390573888,68.68510017429486,98.48,Very High
91.30492220302597,33.78558969613039,104.74518291462108,5.1985484224724665,1.027526981286062,21.03709830381948,42.900885623837226,29.614989010603644,75.8942535301743,93.19,Very High
43.05029520929142,35.38312150469366,247.1002736560208,5.214145623991076,1.027526981286062,21.03709830381948,39.45506405995694,31.574969915390728,69.09677097368053,81.58,Very High
52.946971239196536,23.26948930131831,144.0300622000152,7.235477186660296,1.027526981286062,21.03709830381948,36.227902995153464,26.751645671949458,64.28250761599018,87.35,Very High
43.77150228240811,33.514805045773166,73.88224237521513,5.479668311796857,1.027526981286062,21.03709830381948,20.330658488600324,32.981080820884515,80.14584630053557,87.95,Very High
116.36924935165364,42.287227122556686,292.5846312337947,5.808428905288801,1.027526981286062,21.03709830381948,33.72294568760651,28.39634640695368,61.73862511433292,90.47,Very High
77.7227177291592,34.160838742139745,272.1086123912221,5.56664100556747,1.027526981286062,21.03709830381948,34.77215154739787,23.89545787402417,83.9566474920384,89.98,Very High
101.02848293976432,27.096202700564447,282.66054796685114,5.887490764579844,1.027526981286062,21.03709830381948,28.58492012580737,30.350789418025627,70.16277744835574,89.52,Very High
148.90797687113115,29.650869688048065,298.77787743514443,5.173559606865234,1.027526981286062,21.03709830381948,37.21478206006145,31.51913620525905,60.004310176143534,73.77,High
69.915067497865,56.86230144261806,101.73485981267694,6.297649477270676,1.027526981286062,21.03709830381948,44.82607814479786,25.80114012481032,76.35613245559135,99.72,Very High
89.24595076427556,36.5066974724634,155.0980845366381,5.169031408980537,1.027526981286062,21.03709830381948,64.78050757571481,32.28615108398503,61.4992610728833,92.87,Very High
130.66613662516585,49.14158888384604,241.9772341689819,7.000891269555904,1.027526981286062,21.03709830381948,41.73661360527168,32.8737190571892,68.83742585026879,89.91,Very High
67.4557798589947,60.27338166838855,227.0449483329101,5.584280204776083,1.027526981286062,21.03709830381948,42.853698351689275,25.322853848533708,82.62324759858292,94.68,Very High
49.23758917945516,75.23158629034923,96.9350175215652,6.350029786511277,1.027526981286062,21.03709830381948,38.38393232449286,33.80225767258266,62.0060678918997,95.24,Very High
74.77017434965217,23.144971187287915,255.79994999774823,7.200197718903645,1.027526981286062,21.03709830381948,13.553226663537746,23.6885383365851,86.85883175539207,85.03,Very High
59.34655447048053,83.95283191272341,113.86573724079857,6.627193422617985,1.027526981286062,21.03709830381948,39.02925578513219,24.42418802082988,60.12223752507466,98.32,Very High
151.56371828110878,70.23203115927262,113.71622755742952,6.3323944663783385,1.027526981286062,21.03709830381948,40.19711747021531,24.21069807085632,67.89836381446088,89.86,Very High
136.97444554773003,26.54072255590976,188.8738614944193,5.810834382788439,1.027526981286062,21.03709830381948,72.54958873272031,32.72787652009444,83.70892979686629,92.11,Very High
116.0084507812508,89.88628992854218,202.3055843620088,5.832504782645495,1.027526981286062,21.03709830381948,36.79640659037804,29.851510627899543,70.12064479133781,96.67,Very High
144.57527082252614,93.66979204254504,199.2206898810747,6.673717387995476,1.027526981286062,21.03709830381948,43.44604253072589,23.82525139866728,63.26055641811243,88.14,Very High
136.44064922789374,24.8862367883891,81.95684097546118,7.485348403052919,1.027526981286062,21.03709830381948,38.91888507159126,27.28388102042019,71.52748540161369,83.39,Very High
62.38840706632431,42.1502118517763,270.59060703129126,6.654597974623447,1.027526981286062,21.03709830381948,23.651956490628326,29.383576300837625,68.65258516430481,92.67,Very High
147.10707981879733,84.4961023834449,123.74401022128946,6.394458543425063,1.027526981286062,21.03709830381948,54.77238698569183,23.0015690198726,86.96678086913775,89.97,Very High
104.72106902987808,79.86077523069267,91.083581107873,6.826626275598115,1.027526981286062,21.03709830381948,49.509720404633455,32.588996420888066,70.02713336272458,99.42,Very High
136.8928186196875,34.76168154851018,273.29953916855453,6.163014030709295,1.027526981286062,21.03709830381948,50.036120836427884,31.64324242529842,85.24583909683223,87.12,Very High
147.5309559908192,36.74794586693682,289.3563595751408,5.150355856501963,1.027526981286062,21.03709830381948,27.142863514682396,28.06248128291966,88.53990863394351,75.12,Very High
78.16041699662367,49.63776822331056,266.9106281437081,6.405742039694775,1.027526981286062,21.03709830381948,58.272461354082715,33.60551938311005,73.88215742644894,93.03,Very High
53.20623094332121,58.761838815281706,254.28385793397075,7.39406321126345,1.027526981286062,21.03709830381948,20.51267799262939,27.013131751301195,89.11818060334055,84.71,Very High
67.352219505033,69.46038172242368,217.2580753533652,5.438257355894149,1.027526981286062,21.03709830381948,47.28725344002869,33.809323828437975,72.07417772682217,94.07,Very High
91.25293463515077,49.51309116558179,192.20576894619344,6.725012227051664,1.027526981286062,21.03709830381948,68.8769823000936,30.01503998564353,90.85050932768344,99.72,Very High
138.16177191069917,57.00277729065184,80.87682237873844,5.502334221647641,1.027526981286062,21.03709830381948,26.050331891035896,29.6160552790473,62.857264784818334,90.81,Very High
143.28766999076123,79.79767505070052,158.0287711369677,6.339569211182703,1.027526981286062,21.03709830381948,31.761983571050663,23.99145874354942,81.98461652810377,92.45,Very High
40.83425566374289,22.934656231247832,149.44524408295536,5.241691124116799,1.027526981286062,21.03709830381948,40.72785632659187,32.583133099655726,75.80204929462172,80.96,Very High
101.28967630930788,40.19495554752166,122.3409081024783,6.125927340645463,1.027526981286062,21.03709830381948,32.60777604909804,27.12987625504738,72.4047617745807,99.72,Very High
90.08932037785348,77.0679668707642,233.6208272852604,6.890408322238115,1.027526981286062,21.03709830381948,18.50917236580013,23.94680086938975,80.24678011995523,95.34,Very High
66.65293725648763,91.61654701497596,179.010176418905,5.868928810597455,1.027526981286062,21.03709830381948,40.30930398728862,22.15129023970911,82.5234269322986,96.41,Very High
54.38384408004194,60.93419536925329,79.4510918178355,6.662279311218045,1.027526981286062,21.03709830381948,25.084105974859654,28.71706820366059,60.13962462880989,97.25,Very High
80.51382056843536,62.56907882122525,112.84396846795472,6.9886249019743225,1.027526981286062,21.03709830381948,45.76233724788413,28.328795465472115,65.34249883991036,97.58,Very High
153.1491644695023,28.573760907182084,223.982103278303,7.317944548698632,1.027526981286062,21.03709830381948,27.007735337403446,30.632243468429905,82.8174736202982,80.13,Very High
78.78435184249062,55.79298934587637,78.27140627767204,5.586605204638634,1.027526981286062,21.03709830381948,60.25345265100135,32.68309663621363,81.3243332345026,96.97,Very High
102.25487460920394,62.60938131640185,264.2896593717045,5.998289789523271,1.027526981286062,21.03709830381948,28.841045642635322,22.95287901571636,90.91352016411768,93.3,Very High
124.36227506742134,39.39764029077837,178.83516648335385,5.381040033326044,1.027526981286062,21.03709830381948,35.0502090962037,30.777957884084348,84.35320928802506,93.81,Very High
83.63555228551527,41.53945847595048,175.34077855839553,7.481208755395938,1.027526981286062,21.03709830381948,50.33884678684932,24.248943329170988,90.42472664740282,91.98,Very High
156.6138499265153,50.18273304836981,202.17786831828425,7.317502419810738,1.027526981286062,21.03709830381948,22.8147239342121,32.29812463788597,82.48129604911382,82.18,Very High
155.49367539305337,21.60569582221811,257.9234318220358,6.349892825701399,1.027526981286062,21.03709830381948,42.4485814998655,31.82876216633987,69.53767067646218,77.24,Very High
70.2138754990437,45.76633324665426,143.47420989652633,7.105083235941053,1.027526981286062,21.03709830381948,56.984675707005685,28.489525059826533,63.37167751202741,96.26,Very High
99.66982070708625,36.91584055972357,222.72387661417525,6.302394943180105,1.027526981286062,21.03709830381948,17.744190279040623,30.52291358347974,85.01836362703794,97.45,Very High
76.10539717801237,46.19978817423317,195.77567135898985,6.558964220006899,1.027526981286062,21.03709830381948,41.87200117001669,25.77220135820498,80.61277508722931,99.72,Very High
74.18085932529611,29.580970545540097,124.08678484066112,5.222811080290041,1.027526981286062,21.03709830381948,42.8851002011585,27.654014787193773,61.54195239658548,93.17,Very High
44.42643368254394,91.2421824591916,270.87119672523795,6.88817605124202,1.027526981286062,21.03709830381948,49.91213628912975,31.85964277252566,71.52161490883131,81.93,Very High
113.14772007758762,67.48739628432389,251.38224518566275,5.319283709088087,1.027526981286062,21.03709830381948,22.732780977068444,27.511182366078565,90.61759409549715,89.36,Very High
100.32148278746338,74.32818553155917,218.0284403180221,7.065169075631321,1.027526981286062,21.03709830381948,21.608515925149625,26.2935791839053,76.01283666272644,94.91,Very High
46.17745014999872,83.13369908858706,264.13961498261807,6.955070219175965,1.027526981286062,21.03709830381948,46.41327617931714,27.9305493670036,73.84733235263054,84.89,Very High
73.43757570839338,59.87537591432458,268.15060823035253,6.771861744357441,1.027526981286062,21.03709830381948,43.38461394570907,31.938991029246623,74.64638736509741,92.91,Very High
148.99190631599845,26.953623046993897,230.0071144116084,5.0904009513119055,1.027526981286062,21.03709830381948,42.75868056505848,26.02249656845047,66.68424716816524,77.92,Very High
68.7474268800367,62.968523345483824,260.8831988072813,5.757820889863321,1.027526981286062,21.03709830381948,44.050556396440086,24.085139117628927,71.79862946767345,93.18,Very High
57.38738465094677,66.94728944167034,227.3931508006281,5.657781424777108,1.027526981286062,21.03709830381948,30.230842907215433,30.54416824396937,71.83402419158965,94.35,Very High
98.73433123330756,79.6351579347464,223.2337852224721,5.900341018678798,1.027526981286062,21.03709830381948,42.513121365521734,31.91173855249698,61.67536064599912,97.4,Very High
158.27805449327207,54.53276369837435,208.46673077164425,5.219106866909597,1.027526981286062,21.03709830381948,43.33194282251562,23.2076497422824,84.56216411257338,80.6,Very High
69.04663258138005,30.2064242236451,240.65199349383388,7.3423945575776575,1.027526981286062,21.03709830381948,29.768692279001378,24.878489353071338,73.32814182092413,89.5,Very High
120.65626568870545,42.70207246389796,98.06522527033768,6.3845056017809405,1.027526981286062,21.03709830381948,64.50570289837154,23.703663877131927,86.30975637812554,99.52,Very High
131.39435383944613,49.0465837118908,271.40898220774284,5.763810776645059,1.027526981286062,21.03709830381948,45.76557504073675,26.175296938986,87.21113603583666,88.63,Very High
68.51650527908797,71.67337930652809,269.24244665885567,5.992453792685708,1.027526981286062,21.03709830381948,23.347343130124894,27.404211746864952,66.78380975035705,92.8,Very High
127.38596183342317,65.66226437351295,67.0193479282942,6.118006351262089,1.027526981286062,21.03709830381948,48.22559856052605,30.98591604355968,81.0353114294441,94.17,Very High
84.13397592631038,48.4877380718277,258.19602013554305,6.501485833401543,1.027526981286062,21.03709830381948,26.263787873752847,29.81377101858009,75.11301773321541,93.91,Very High
115.87669967122952,98.92121990343836,90.92876819362684,6.289198569241244,1.027526981286062,21.03709830381948,49.98297656753745,29.45114280974117,88.16501561348753,94.32,Very High
116.02356529130736,68.46198554855097,140.42852502219404,7.2984799330360435,1.027526981286062,21.03709830381948,54.984740453200594,26.22849935931585,66.90370173364653,94.06,Very High
104.29296208897102,38.97814333887956,238.44198150998585,6.242408707264575,1.027526981286062,21.03709830381948,28.337127419314392,32.09737063701712,81.69002240992141,95.88,Very High
50.834772406529,28.1425978096323,98.58237505159396,7.4803950370582815,1.027526981286062,21.03709830381948,52.35644234462482,27.65544600877797,79.44806791208713,86.94,Very High
140.23629947070856,32.22873113474656,256.3120857885749,7.128562394362739,1.027526981286062,21.03709830381948,44.943613701921535,33.74925925618186,69.44964728229866,84.04,Very High
78.4936077966083,39.67661827076065,259.71220270985805,5.52127628589334,1.027526981286062,21.03709830381948,50.453862990253924,29.609705659548844,64.37122891683752,90.72,Very High
62.38222124798251,32.85450986076445,181.79225610260067,7.32648803660979,1.027526981286062,21.03709830381948,64.92331390023358,23.51517689877404,80.85247233527285,93.74,Very High
44.89301698657167,34.925361924104465,61.53260921204006,5.29091599471369,1.027526981286062,21.03709830381948,36.08248612073005,30.114130744905207,83.63511866023458,83.28,Very High
110.907153182589,42.807613495507766,128.88915196197905,7.043624271227979,1.027526981286062,21.03709830381948,29.238443605447337,25.90124818518039,70.1000750004272,96.96,Very High
121.30772342107387,33.86988762358038,208.0624604101781,5.9515582336914505,1.027526981286062,21.03709830381948,27.410420023664045,30.23592636023317,80.63464332871405,98.51,Very High
41.990539471342736,91.741233970114,295.48468272658164,7.194935801112674,1.027526981286062,21.03709830381948,28.402721068664377,22.83569377794887,72.6441890435681,74.83,High
101.45116699591372,26.418699652931377,211.6352464840004,7.170141725268626,1.027526981286062,21.03709830381948,38.34817657664032,24.09857724611152,82.82262026504377,91.97,Very High
67.17949302375256,61.96091116562037,122.35285945539836,7.0148135002940535,1.027526981286062,21.03709830381948,43.97925159761096,32.26884710686944,66.3748887966097,97.28,Very High
117.42073484913398,52.83174615917292,212.1613687439068,6.975076090767653,1.027526981286062,21.03709830381948,43.111391423772346,24.72615468428218,88.48688008435758,96.52,Very High
60.92397148059897,98.59028935268852,189.5964911318053,5.761697847745102,1.027526981286062,21.03709830381948,50.52283667732388,32.04449350291528,69.19710708689855,94.0,Very High
122.91252857229593,28.963112173444188,247.1628948362745,5.2022982076281306,1.027526981286062,21.03709830381948,39.561268433722496,25.351313061452924,71.76915160819689,86.91,Very High
86.4082415560645,51.82844792365933,85.67535331847002,6.007450446912904,1.027526981286062,21.03709830381948,58.955586072191736,29.71458292070449,61.85894246657119,99.72,Very High
152.40759864840814,97.55763466202951,242.6466966004868,5.433811287466272,1.027526981286062,21.03709830381948,35.82306559103837,30.32980688211797,63.568390794280845,76.34,Very High
56.50251329751919,89.24057007151842,189.90397888226647,6.737377722256154,1.027526981286062,21.03709830381948,76.00867485945555,28.15185703774064,76.5075808867945,95.63,Very High
80.92796212603102,85.3657656759424,291.1180809261587,5.865249316344464,1.027526981286062,21.03709830381948,47.80976755023981,25.663728120360776,68.56296565529509,89.08,Very High
53.61682254887069,40.63222616359519,142.04931984928464,7.4390255021497875,1.027526981286062,21.03709830381948,27.84605032975538,24.55173251645316,86.73536722375022,89.8,Very High
150.96323419342752,33.67100699120527,211.8292543521476,6.60243019336333,1.027526981286062,21.03709830381948,24.96847259073701,22.39827225474912,60.47018843695852,88.87,Very High
145.2807224057177,73.49145759395448,283.6867453224042,7.056201409085903,1.027526981286062,21.03709830381948,45.88189114877732,25.647356814888685,72.13100955750195,80.54,Very High
70.95299532581868,94.35007913020686,84.60233471776303,5.331311681854621,1.027526981286062,21.03709830381948,36.377673435407175,29.8379534863754,70.79505749661097,90.53,Very High
119.19808552410149,64.54103144111438,284.9348369367483,7.155036205681556,1.027526981286062,21.03709830381948,48.99902324017123,33.25965782138179,60.61848418936323,87.2,Very High
138.0666640241459,65.72901515759199,225.0925733521952,7.306892976283485,1.027526981286062,21.03709830381948,45.757560387269876,32.45445378715662,63.97978876801633,85.81,Very High
106.62409739193548,42.39832749282273,76.28089418524127,6.21765479704734,1.027526981286062,21.03709830381948,38.4057025232045,31.19277731842363,73.23656559739632,98.79,Very High
103.55806940272078,81.55943465535495,132.2312560672359,6.515632344377444,1.027526981286062,21.03709830381948,27.98558179939311,31.461368119039584,75.7716667023183,99.28,Very High
69.0222749080542,34.96349988460187,229.9613012748676,6.912024502257489,1.027526981286062,21.03709830381948,18.991376713778067,29.979818841711943,72.93727191215581,95.46,Very High
51.17233213670791,45.89433891233949,76.1641443525052,5.437096568151032,1.027526981286062,21.03709830381948,33.374655095426114,25.123442290792035,76.990005709187,91.14,Very High
147.66589095439923,54.034915089313344,199.7209104423056,6.256415191158606,1.027526981286062,21.03709830381948,50.9161743417482,32.88634036846996,79.0442135969818,91.08,Very High
148.05016685959964,60.6088302947564,143.01193366870962,5.996657569430782,1.027526981286062,21.03709830381948,42.268628461456075,30.048787742870008,60.31756227609074,90.96,Very High
115.97217487279217,39.392778593206415,209.0197242641945,5.365934980405623,1.027526981286062,21.03709830381948,22.614464579322615,28.72528757176528,74.85104510251213,94.1,Very High
80.68357492584408,29.186945979136283,70.97808811500309,5.918836055728828,1.027526981286062,21.03709830381948,41.71780689613686,23.331873630561773,90.83197570840282,96.93,Very High
81.9051489535193,68.8496033953306,269.1688334765703,5.170430773463734,1.027526981286062,21.03709830381948,44.57386371405773,27.364666525677105,76.60903296414556,85.96,Very High
127.11468146442871,43.09044425922046,293.6373526025752,5.064529767373718,1.027526981286062,21.03709830381948,27.486581825859446,27.52429925442312,81.6813525586865,80.14,Very High
147.65323119430926,66.49905771380898,292.53068526856595,5.337915722887057,1.027526981286062,21.03709830381948,41.4558673469737,32.37476331427204,69.97964345334026,76.81,Very High
146.45037091181408,32.34901722193619,239.91643961830192,7.407787778972935,1.027526981286062,21.03709830381948,40.16990152283236,28.559778642253463,84.7677241008884,80.56,Very High
133.58506550291486,58.4912081483854,91.22069763135168,6.373823839737542,1.027526981286062,21.03709830381948,23.998067515656558,26.56480658764492,84.73348742003569,95.48,Very High
117.04379753851453,62.60715460412687,241.98316702296543,7.41455540288305,1.027526981286062,21.03709830381948,44.203218791357784,33.72160394212791,76.68147352493244,88.54,Very High
50.09679579940586,24.14588294579416,65.90085995011236,6.08124469582533,1.027526981286062,21.03709830381948,46.936230630823474,23.32864711991579,91.23244234493484,88.17,Very High
59.39544569135365,46.92834225551365,65.30965236695934,5.7795403327131485,1.027526981286062,21.03709830381948,53.96766436153987,27.070581139743336,64.01760687240491,95.58,Very High
147.8265026232495,30.75317415511794,137.6664525958899,6.265354657100611,1.027526981286062,21.03709830381948,53.57387371288825,22.504296102056863,60.54232527646659,91.03,Very High
112.7714871591508,25.06999763782142,177.27436569711978,6.098779221582276,1.027526981286062,21.03709830381948,20.838243415924136,30.87884944920317,84.64506277622706,96.44,Very High
41.10364619399556,99.19681859119562,244.8977802738704,5.26416171065436,1.027526981286062,21.03709830381948,26.75999976173629,33.01691862638981,85.82897719567625,76.05,Very High
52.17658514392385,45.78830759797784,223.99089038556124,6.602065786725516,1.027526981286062,21.03709830381948,46.32029460875303,25.36044795460588,63.84663133185844,94.07,Very High
119.6202122929667,84.7899556683708,167.0166495304196,5.540095456273999,1.027526981286062,21.03709830381948,46.30347468807935,32.30010012158945,68.4986506546754,95.53,Very High
40.60739006154624,40.37125238110111,125.67039990759982,6.548969887244574,1.027526981286062,21.03709830381948,46.32046181079266,25.50661876554277,60.56167562773213,91.64,Very High
59.29696617009984,74.52021777791434,299.3098800378507,6.625502730995383,1.027526981286062,21.03709830381948,91.25670172254232,32.92924193972698,69.38587554497806,89.5,Very High
105.84805472399032,80.81822879117493,162.2835125366335,5.38006213282162,1.027526981286062,21.03709830381948,47.072290534274444,31.04754284316141,84.74053996539749,94.93,Very High
123.0274237231232,67.65109924862755,168.33288583912213,5.153374067776671,1.027526981286062,21.03709830381948,54.67468146710794,31.658881322097265,76.57473688680253,91.75,Very High
118.23535114031206,57.72609508401267,99.2697170860006,6.9519039651711,1.027526981286062,21.03709830381948,52.23023244185813,22.21607866720545,71.13905898138522,98.0,Very High
66.91231713526717,52.947273131781486,250.75429169998304,6.149501059423301,1.027526981286062,21.03709830381948,48.15609619271626,33.55372428488831,71.89565743700257,94.65,Very High
125.4615065617043,47.90946132343962,226.48373418755727,5.14540948876369,1.027526981286062,21.03709830381948,35.14165548912077,30.72005190484388,60.04331602289498,88.25,Very High
68.46989049961601,94.36233153982607,112.98470706930247,7.487165792924418,1.027526981286062,21.03709830381948,49.60445071519335,25.6570131446336,69.59361688208755,87.81,Very High
79.04796377911212,86.44955262301833,79.77145094780225,5.144451402490916,1.027526981286062,21.03709830381948,28.98144198730065,31.95273597830617,80.68667973241378,90.7,Very High
129.5789686141629,97.202152853321,223.3198324979312,6.737588072146383,1.027526981286062,21.03709830381948,36.19785999876493,25.37825438097916,91.17422220212345,89.48,Very High
117.95594788566576,29.943777878843576,217.08269142747247,7.459197313158533,1.027526981286062,21.03709830381948,32.851624778076996,32.47304607479354,87.10594646348478,90.49,Very High
141.90680925930135,78.46939801629154,125.58228647957024,5.597950260539814,1.027526981286062,21.03709830381948,40.488516195558795,23.350964684943243,60.75503886865693,90.68,Very High
118.9135470760412,95.06723654568304,288.2072549400985,5.355623421717991,1.027526981286062,21.03709830381948,70.54916381145088,30.444231729529548,88.75393934959486,81.77,Very High
108.1970324002566,34.498645293252814,96.25389402741604,5.303462348556073,1.027526981286062,21.03709830381948,14.24666772295129,28.488381719738925,85.06234922555603,94.33,Very High
51.240972139371095,25.3197013893422,163.76035225022446,5.758187868918989,1.027526981286062,21.03709830381948,48.62554719625905,23.15841364234529,84.97203595427138,92.5,Very High
84.12589636713201,79.28965194320472,286.46782084022374,5.2526145275266165,1.027526981286062,21.03709830381948,17.673741719893254,24.90272593910607,74.65586428811429,85.13,Very High
71.82428412180705,65.95784905439295,160.73455606226935,6.73040335423533,1.027526981286062,21.03709830381948,33.03245954911389,22.14884843532778,72.73616937454409,99.72,Very High
69.27875720549002,87.34630214066176,213.24622743938053,5.155729495325157,1.027526981286062,21.03709830381948,54.04708913418616,27.625215585574068,69.69330332266216,89.3,Very High
156.76126657029346,31.18179013010316,155.42265551107062,6.2735553203744745,1.027526981286062,21.03709830381948,40.25164126768331,25.615183129120005,62.102235486539705,88.24,Very High
87.17172696001126,83.62138494879122,125.8116485636808,7.491742134632442,1.027526981286062,21.03709830381948,24.876218288008147,29.180289811573104,67.30353163179836,90.83,Very High
147.0455866212536,36.13018560381956,296.1546355103588,7.034925673765047,1.027526981286062,21.03709830381948,29.75587129599419,25.566853692503408,67.89131631929679,78.99,Very High
115.73663511967156,33.09247542925636,158.24016151561034,6.538048595577527,1.027526981286062,21.03709830381948,48.53584874533075,25.599029338083817,75.49046623072645,99.72,Very High
135.3773564249978,33.14126383447943,274.58380888299223,5.765634051966529,1.027526981286062,21.03709830381948,29.553074645087502,30.91831838477924,83.9182210110942,87.09,Very High
100.31645117262306,85.16597761851057,115.18910541386067,6.559739590729096,1.027526981286062,21.03709830381948,42.300467086324176,22.577714031740243,75.1619145087343,98.25,Very High
109.22846615516308,73.215777655696,111.14512896602,6.317603659779129,1.027526981286062,21.03709830381948,39.99976743009192,32.83473994230385,61.85102238230914,99.72,Very High
99.10212325826367,61.845233981529546,67.47217989228272,6.065208459725929,1.027526981286062,21.03709830381948,30.613528794510444,32.22716649269418,90.64927363162252,96.59,Very High
63.42915853576534,48.7064387298802,216.4000380902124,5.3267759418504985,1.027526981286062,21.03709830381948,68.25078350935875,30.01365619871688,90.1671782110116,92.94,Very High
126.69425383138064,90.17604326504866,148.44632249370267,7.216510538101167,1.027526981286062,21.03709830381948,47.920862324078,29.11865884128861,85.12606538074907,89.99,Very High
73.69268349290269,51.395608593810834,267.4459799615129,6.124461622053307,1.027526981286062,21.03709830381948,12.121116930170391,32.70762997767583,91.72249285005506,92.98,Very High
42.91791597177446,85.32795515772617,173.5703776059737,5.4865562795519125,1.027526981286062,21.03709830381948,41.89651051931863,24.223962154344573,77.42343464960841,87.68,Very High
117.45667550886014,55.13079268561747,292.36642269953325,5.919398377193224,1.027526981286062,21.03709830381948,30.476390038589315,22.947629946289943,90.8085872081026,90.49,Very High
61.25328152884588,50.155554353992606,104.52612376874907,6.035324381322318,1.027526981286062,21.03709830381948,50.86278616865505,24.874122038914457,62.419361299736025,99.72,Very High
152.85503012234972,57.01438285356851,268.46956030934655,7.068844738917186,1.027526981286062,21.03709830381948,28.716275231304774,31.53493934440228,71.70178394436388,79.56,Very High
154.4714292403105,44.110229933131365,246.38324467001803,6.834035951403505,1.027526981286062,21.03709830381948,37.84148887113167,22.4160432007178,67.2122005762165,83.93,Very High
149.78372682645383,79.80875041410009,245.02124271457248,6.923262234103349,1.027526981286062,21.03709830381948,46.18501552417808,28.99368202100188,66.26665869229664,84.51,Very High
84.41904403065332,60.217631207398334,262.747974748053,5.027578161071618,1.027526981286062,21.03709830381948,51.042142364144894,33.94525019429572,64.50569436456564,85.05,Very High
41.85479398346409,38.57701561174538,242.6457578263197,6.040384995449404,1.027526981286062,21.03709830381948,23.226268882726636,32.26835312605047,79.9172365301119,87.9,Very High
151.39822751052705,91.96596586196549,210.2928771915397,6.203360379088309,1.027526981286062,21.03709830381948,34.88272941306619,28.257348268523074,85.00229938391377,85.46,Very High
91.38209779807772,50.71129770985692,91.498770643773,5.047980692057641,1.027526981286062,21.03709830381948,32.99188862864525,22.76369091143971,78.50554878145154,91.55,Very High
155.99857828524034,63.48422888911909,67.80628307790046,5.649533021862585,1.027526981286062,21.03709830381948,30.590252296719992,31.97648217262852,64.70280670682271,83.79,Very High
155.63439725071032,92.51776887716376,281.0034834757648,6.900724557805337,1.027526981286062,21.03709830381948,63.15506094910492,29.187742098126527,85.95596063787107,75.77,Very High
142.3611346560832,69.93903967311937,207.99607548497715,5.342774264322498,1.027526981286062,21.03709830381948,44.83861051385923,23.379195964714803,80.35055062923931,86.97,Very High
75.33386704835029,29.351843256669127,251.1689498342824,6.338275328631479,1.027526981286062,21.03709830381948,22.41056052932945,23.12628741788028,72.42130259606385,94.18,Very High
86.21172743223103,95.18656988907802,175.565364363012,5.538004680043094,1.027526981286062,21.03709830381948,51.74367123443404,32.91552183323911,81.57216945715402,92.54,Very High
142.13640058202282,70.21664424571343,88.15396535097467,5.0303019366097335,1.027526981286062,21.03709830381948,67.95744656867585,30.03040315525694,68.31695933577065,84.44,Very High
78.03064061875332,46.79244917256689,90.0445901286121,5.6030036439988535,1.027526981286062,21.03709830381948,53.28661007820487,31.951441591801064,71.04615067181473,97.58,Very High
60.3391296023311,31.141765813070982,224.53566893495312,7.439684387275134,1.027526981286062,21.03709830381948,18.930485689164076,32.547746803387206,89.35954698022368,90.0,Very High
106.81615149500202,83.52201514162368,163.27341477587106,7.003842779707474,1.027526981286062,21.03709830381948,32.86683123886843,28.861268224579867,69.29614418148546,96.4,Very High
152.33857289929372,69.60582047428107,108.1259344080808,7.398941610802583,1.027526981286062,21.03709830381948,56.44302551945214,28.209356221060496,75.03962458105397,82.81,Very High
123.52357560099676,62.67688735810572,177.98269121794485,6.219635109815906,1.027526981286062,21.03709830381948,29.858653411950826,27.16512892385188,88.48451639667246,98.62,Very High
108.4073404107238,91.51140664407662,75.41014489803219,5.274340496693759,1.027526981286062,21.03709830381948,45.36149436966014,25.80335905349343,82.64708320856087,89.57,Very High
51.66117925249223,83.08777689796246,199.6731364594557,6.3698987224342325,1.027526981286062,21.03709830381948,49.815351067729914,27.215151530304546,61.99050323727049,95.37,Very High
113.80086720390037,32.1339903786201,124.55841706442344,6.135943336399903,1.027526981286062,21.03709830381948,26.906676608683362,31.28655586876188,64.71369741692705,99.72,Very High
158.8064620125116,44.93776542364386,251.4141841529252,7.11089270684904,1.027526981286062,21.03709830381948,38.5848123028837,29.22308117218158,60.250930904701335,78.92,Very High
56.81008182838288,39.87913118515726,134.4868701416577,5.245206451960612,1.027526981286062,21.03709830381948,0.0,32.71027947945815,80.18949728733323,92.37,Very High
102.1995582836484,79.51570340581415,169.25283577963228,6.220602842554445,1.027526981286062,21.03709830381948,25.594581449885172,27.32056017255025,74.32554961313339,99.72,Very High
145.28476863135467,22.682594778862352,62.78892957794415,5.37512166173496,1.027526981286062,21.03709830381948,35.98581914692848,29.28507494462505,64.29679522887281,78.02,Very High
128.89223413050453,65.59117478970532,77.38725307069413,5.81168981722515,1.027526981286062,21.03709830381948,22.586940164059776,29.575690637103865,90.65389187381666,96.29,Very High
123.64188891943216,80.99669485925524,154.19845353760434,6.843392693469499,1.027526981286062,21.03709830381948,61.36386392242021,29.100365947675904,76.94911116625984,97.81,Very High
124.29809007845311,90.14125094093995,175.18532033210963,6.190045323421916,1.027526981286062,21.03709830381948,20.13179697929681,30.4316052770262,67.74058541161246,95.48,Very High
83.13893814637062,47.3665398972726,204.0049315486329,5.939720712864423,1.027526981286062,21.03709830381948,33.46176891484479,24.84920162049768,76.01931427695064,99.32,Very High
75.2310213117392,85.70058437376103,129.99901889023278,5.986190696425088,1.027526981286062,21.03709830381948,41.14641973160844,28.14836533054949,81.74785064752345,98.1,Very High
137.12333865742164,28.85053895641657,226.7956526703702,6.148616921014966,1.027526981286062,21.03709830381948,58.79051539819454,23.25069763370017,62.43965497515406,90.93,Very High
137.2136073615017,87.71618333876145,266.42937532540907,6.962541359592642,1.027526981286062,21.03709830381948,20.054776490565647,26.61413593173775,68.79052208153254,83.65,Very High
144.04867822961245,30.1990929865586,247.164237334404,7.230211722350586,1.027526981286062,21.03709830381948,55.046243140857676,27.85200482345517,85.8228957082878,82.6,Very High
149.58886630677654,51.78298324482938,69.50851808360571,7.38833671625982,1.027526981286062,21.03709830381948,39.52399083194296,29.826691114545667,74.70927585288516,81.17,Very High
101.36108786331252,83.78362926236429,175.32166734187894,6.9672584656382375,1.027526981286062,21.03709830381948,26.17187417970279,33.40637263103444,77.49046854503344,96.74,Very High
100.18195536246397,31.993394187901902,85.18324282036197,5.788517239370032,1.027526981286062,21.03709830381948,45.607657976231394,29.20781279858027,73.85011207070302,99.6,Very High
135.79542147601302,38.34011161861132,118.0908038070066,6.720336765216356,1.027526981286062,21.03709830381948,42.066220548546504,30.92312699411872,61.40479816457616,94.79,Very High
117.9956716933318,77.7802054714453,296.7990223841151,6.09400781013848,1.027526981286062,21.03709830381948,31.305319896021413,28.075192713942435,65.30399295424499,90.04,Very High
124.2360252709244,77.60292292368595,94.19893029636316,5.636676555115128,1.027526981286062,21.03709830381948,40.325986500003694,29.60924837651597,74.25733243974051,96.63,Very High
135.49512033233214,71.29181063082379,179.73315682832546,7.102178948564807,1.027526981286062,21.03709830381948,34.19862732935811,22.85118659360528,66.6939348930537,91.45,Very High
146.80064101810797,75.515875557368,208.35737623634856,5.096065872405813,1.027526981286062,21.03709830381948,40.914538183762275,25.052698970102163,61.59932891710972,82.86,Very High
80.5594188221843,63.417955467807694,228.5915929305849,7.254404980338559,1.027526981286062,21.03709830381948,48.30068427427314,26.342237118461664,86.99678924965836,91.7,Very High
85.06995431679329,40.14392471255622,194.31568403685932,6.153693661561835,1.027526981286062,21.03709830381948,60.73924099348042,27.669920260078165,91.3981609332517,99.72,Very High
51.27783278090428,47.65567948031355,62.34500338060408,6.593003692020702,1.027526981286062,21.03709830381948,22.721138077076553,22.547784946028607,85.38057196789566,91.68,Very High
109.39361691954088,34.527817344114055,138.35071397855805,6.648384805514457,1.027526981286062,21.03709830381948,68.10388927949231,23.680289170639814,87.32111749454934,99.72,Very High
44.31307285560905,92.67604490669028,184.25079441233075,7.237794351766341,1.027526981286062,21.03709830381948,13.104675479703367,25.32177169349567,67.74326817014546,84.59,Very High
95.8717621758952,66.67134358128963,81.08795979476,6.591674205418018,1.027526981286062,21.03709830381948,37.34269171635008,33.65839229081261,90.7400632164224,99.72,Very High
105.1173561649092,52.06811334109119,144.15046349020338,6.534833961900155,1.027526981286062,21.03709830381948,47.306911375808795,25.976164085236608,66.3016225425097,99.72,Very High
74.38495025539413,56.96046429153061,67.96874610992798,5.166630101401725,1.027526981286062,21.03709830381948,43.16929800002523,27.78449269734499,90.44575393157864,89.83,Very High
110.8999912682813,95.78266716894522,78.85883931720498,6.2960200548630105,1.027526981286062,21.03709830381948,31.00262932264102,24.35317255286072,91.83421740691044,94.93,Very High
43.660029992685935,32.26811224928642,155.26158628838306,5.375422502042604,1.027526981286062,21.03709830381948,36.5842076669675,29.32936085290922,82.77512978387355,88.3,Very High
44.48178264990573,66.89838656134378,91.85178097033447,6.843584421803714,1.027526981286062,21.03709830381948,32.7488003444286,25.36819858619169,91.39659941733832,92.76,Very High
138.712067279159,60.47109431075728,196.209803582774,6.280554802031686,1.027526981286062,21.03709830381948,31.451425251141718,24.48391094126112,78.22527294614731,93.88,Very High
83.22287696935155,68.91633883477184,225.47159259294372,6.700569448020883,1.027526981286062,21.03709830381948,50.82466836380254,28.19887154135175,68.30533706163489,97.18,Very High
55.247261518226175,21.44881470566724,252.1408077861799,5.104182251505961,1.027526981286062,21.03709830381948,44.19282681461582,22.06606958992505,73.98386834129987,79.27,Very High
102.66919120657651,89.76991271553212,108.03605861875442,5.211980040114508,1.027526981286062,21.03709830381948,30.057369981391865,22.091968391790704,78.99394993212115,90.54,Very High
132.3992263718333,94.569462598689,100.19581974217674,6.790808470156706,1.027526981286062,21.03709830381948,51.49780347709848,24.62882570922229,62.33860998486448,91.69,Very High
65.89852329962119,65.21065468713672,85.09628168025606,5.180210839996684,1.027526981286062,21.03709830381948,43.52348583877279,22.440656350009853,79.91498446775188,92.99,Very High
114.74685709828005,75.73206591015138,212.7432598904728,5.178141819413146,1.027526981286062,21.03709830381948,50.33002699849685,23.296309049568297,91.39769077639345,91.69,Very High
50.24169579925216,93.79995049418366,229.5541743568563,5.030271188087219,1.027526981286062,21.03709830381948,47.86310233638348,26.066327792065017,66.08344479307928,80.39,Very High
46.20180654023292,76.57909074507188,67.58067475815409,7.3912534957487,1.027526981286062,21.03709830381948,28.225211141574807,31.63102815495776,85.36304372122827,84.15,Very High
103.76255578817776,32.20312343314091,284.6909390984856,6.843770898647517,1.027526981286062,21.03709830381948,31.844334398365902,28.86458372043161,89.05276140094782,90.76,Very High
104.87621459321278,66.10306881334506,72.47310807635338,5.88312852125516,1.027526981286062,21.03709830381948,49.447258397364955,28.152012711477,90.19845097024708,97.84,Very High
116.49158817978478,68.53720371062848,189.91112047225693,5.741338953219138,1.027526981286062,21.03709830381948,47.60381833458783,25.52186587849745,90.72433934097432,99.09,Very High
127.13096004671938,53.93045370419088,230.17452466822,5.874258074364624,1.027526981286062,21.03709830381948,39.10481561705418,33.18104463319379,76.6867084390871,94.48,Very High
157.10224953550414,78.91553884997782,269.0325896990605,6.936633827952955,1.027526981286062,21.03709830381948,40.9658338709101,26.7641804948463,91.27385305572813,79.67,Very High
101.95604179614344,94.74936118152118,231.38086371178267,6.653426527676036,1.027526981286062,21.03709830381948,56.58780644106585,23.045113201549256,84.23392662830204,92.37,Very High
78.75477675294951,94.04548103254211,252.41473993675004,5.462988919668669,1.027526981286062,21.03709830381948,31.42171670297143,29.40479819341361,65.17348595958278,86.81,Very High
135.42234337224443,56.06714971233057,141.46804621027346,5.435273338335211,1.027526981286062,21.03709830381948,46.751956482525856,23.36606072171921,75.26080340697504,90.94,Very High
72.4998701514489,29.05904366726042,255.5580272991629,5.2459891242834935,1.027526981286062,21.03709830381948,36.66403962544065,26.142677713620305,82.98659761190413,87.52,Very High
92.67657048467632,98.78729591698676,79.22756313232203,6.650756799253346,1.027526981286062,21.03709830381948,36.455512612358284,28.088943264613707,67.91489010621066,94.16,Very High
49.41476576107192,87.11184691567473,274.75599745452666,6.910931655554339,1.027526981286062,21.03709830381948,54.17938295795387,32.490670296222106,80.4996858735644,84.55,Very High
43.0420892098549,29.97301449626135,191.4221702768967,5.66261607081251,1.027526981286062,21.03709830381948,50.499048371087895,27.922558964081425,81.33121532949181,91.15,Very High
155.517809761351,93.6673506093898,256.1514647909985,5.052362402577282,1.027526981286062,21.03709830381948,50.33874471660012,30.42710519237997,65.2063918018741,70.98,High
140.3176144614647,89.59170896497027,168.55638828439203,5.205429168691069,1.027526981286062,21.03709830381948,56.96227348686389,33.91380206798884,78.0827299984882,84.17,Very High
123.51690473124376,61.50704457008577,214.458646847166,7.419650087112576,1.027526981286062,21.03709830381948,39.669001087569846,23.57786943877577,84.69206115131544,90.14,Very High
89.07435332971238,67.30203485959434,186.3366386246672,5.738611943693551,1.027526981286062,21.03709830381948,48.56755781162683,25.29677830623424,75.96466126515014,99.06,Very High
60.79531840850149,51.92021630961042,235.58148522127965,6.923057869595334,1.027526981286062,21.03709830381948,35.20900548876358,26.73491290717176,60.38729973683544,94.77,Very High
58.77244512053032,24.380931105762507,79.5911956873415,6.56165892213566,1.027526981286062,21.03709830381948,43.75056906063847,27.061938142465976,60.28923101053735,95.37,Very High
70.02914777975144,46.81577933167208,74.48450015773531,5.95484909913224,1.027526981286062,21.03709830381948,37.63406501251596,26.93225290318655,71.4249390070404,98.35,Very High
105.90719976473446,84.22827588784091,119.30477616243516,5.514218155488888,1.027526981286062,21.03709830381948,40.6921058772618,32.891332030678655,89.63821018981702,95.41,Very High
125.75151072400747,20.37056184036823,98.2907232271652,5.303466045398516,1.027526981286062,21.03709830381948,47.39899791348343,30.56839173360228,67.31765694731548,86.11,Very High
119.22368520612775,46.679933735291534,269.2280559821284,6.537532420097167,1.027526981286062,21.03709830381948,28.370269152543948,29.294862569088444,80.29963804389399,92.8,Very High
73.59206763351314,51.85349548727547,112.61135696593064,6.93658445159447,1.027526981286062,21.03709830381948,67.55665863635915,25.712472614353384,67.10642786218625,98.17,Very High
154.58383367958328,62.99164823503383,294.2076613965915,6.609760633852827,1.027526981286062,21.03709830381948,25.84190577763985,31.88548461065554,70.29343966910555,79.5,Very High
128.5476300034922,93.58844931302085,140.85499002506566,6.325755333122896,1.027526981286062,21.03709830381948,23.039233942849705,33.46072613781987,87.13734686724749,93.17,Very High
106.52248630136808,47.7076795492769,103.70829976528782,5.10487805857909,1.027526981286062,21.03709830381948,54.97821471731877,31.85437939060272,83.3235661526383,92.17,Very High
113.40648954812228,47.75625615169822,249.527641714195,7.42122194398596,1.027526981286062,21.03709830381948,50.04461277172709,22.01878126229768,63.05277687402274,87.71,Very High
90.3520074913348,79.00009984877987,218.08986612021027,6.996785479136436,1.027526981286062,21.03709830381948,47.78893267927544,29.636816442200885,73.71846467156587,95.68,Very High
69.7277187401389,56.17743527118457,179.56697194875335,5.732055091752412,1.027526981286062,21.03709830381948,47.84582444319563,22.61362457730521,60.93343243664846,98.99,Very High
82.71672143815138,37.96838583519856,193.2872522250315,7.449925823397127,1.027526981286062,21.03709830381948,39.221338074217606,25.09128664400466,75.38848469129628,92.34,Very High
130.9415332557243,56.195161290615474,232.6084267853433,6.5047039740908055,1.027526981286062,21.03709830381948,27.306214860824877,22.71429640417326,81.19788837443417,93.04,Very High
41.72721863557071,31.26856163038399,114.8291379195117,6.456056645518116,1.027526981286062,21.03709830381948,40.40679960027227,29.245545435392653,63.79208395514085,92.11,Very High
53.92871686082995,34.110958920497865,299.12013985361807,6.870182948573831,1.027526981286062,21.03709830381948,30.26938847197053,30.23907896191128,69.24431804509331,86.49,Very High
45.52031704261033,59.869421819158376,293.950358915228,7.029424470225344,1.027526981286062,21.03709830381948,52.5145500161419,23.373851656790865,72.73077201606903,81.69,Very High
44.88745627827642,53.51403596036384,216.07816472326485,6.641196518328757,1.027526981286062,21.03709830381948,37.40634234415854,26.606066596539755,89.42499278899359,91.82,Very High
142.65527008132085,93.187672085448,107.89018822299482,5.3202393659155,1.027526981286062,21.03709830381948,28.272303264168286,27.474838107466503,91.78416049353484,83.66,Very High
124.43894312560283,48.99151192933065,223.25477818351,5.845668764986246,1.027526981286062,21.03709830381948,35.05930590572233,26.428636261131,61.4371615678597,96.01,Very High
96.90085949047902,66.44706802224349,77.3276181550022,7.320209100815124,1.027526981286062,21.03709830381948,44.945640296716235,23.45230000582232,84.35225355185254,93.15,Very High
51.74009927812018,70.58114303356243,67.35660052939346,5.56153902960963,1.027526981286062,21.03709830381948,31.796627023439846,27.027373482249704,71.89517012487498,90.53,Very High
98.99390501401987,21.04755652706669,121.84389324269128,5.930417559593783,1.027526981286062,21.03709830381948,28.316419823635783,31.014136573701016,72.55866195934337,93.76,Very High
96.81661249366788,73.08298976133685,171.0295096174359,6.08019220736049,1.027526981286062,21.03709830381948,42.66705420431813,22.852091974399062,84.13647914710472,99.72,Very High
60.78422438920183,34.24287734958011,268.3854012980113,6.098512474236131,1.027526981286062,21.03709830381948,42.68427860724075,22.96216016898284,89.38964582865307,92.89,Very High
92.06219790855675,96.8856253975564,234.52057674391392,6.532348956236314,1.027526981286062,21.03709830381948,32.56109176857763,26.25725550203181,90.42971502408156,91.45,Very High
87.82056812768482,31.89301822024904,238.24956508799545,7.357689594361769,1.027526981286062,21.03709830381948,33.04448981818021,33.3007085394271,78.46792275322626,89.56,Very High
113.90201176626596,53.1699298981619,162.11840026753808,5.601731779581263,1.027526981286062,21.03709830381948,42.51037808606652,30.022871760674967,71.42787709761609,97.57,Very High
116.21123810411726,26.82797344629151,143.0243982112711,5.303753440752296,1.027526981286062,21.03709830381948,19.890225469987858,30.144039480070777,85.20157074748093,92.22,Very High
45.436481172645344,99.7499401476758,149.04930311630466,5.493676224649843,1.027526981286062,21.03709830381948,20.43711237015257,26.34303989005437,68.0320442643936,84.68,Very High
84.95351375517654,60.175600826499405,297.03589529665385,7.217312250523173,1.027526981286062,21.03709830381948,29.71358963942882,29.123929494502462,78.05036892267256,85.28,Very High
115.10318988570836,67.6308013856035,69.6262059389958,6.614527031638016,1.027526981286062,21.03709830381948,36.51251692008977,22.12157420833292,71.47451076879594,97.13,Very High
100.37635102961052,25.3661181910742,268.0875590693877,5.7147669730979,1.027526981286062,21.03709830381948,43.57206202894446,29.633152556914503,81.01219435865204,88.9,Very High
142.77878094259867,79.99683763193423,198.8820980573744,7.039867347421543,1.027526981286062,21.03709830381948,59.249384096981856,32.95944337091484,67.69276521259222,89.88,Very High
119.0432357942734,36.79244744764687,165.26770060550172,7.15342499090859,1.027526981286062,21.03709830381948,50.93314925977376,29.35088162013783,66.13097426351442,95.71,Very High
59.55213124977156,91.84434315525708,234.0618384996328,7.116285846725695,1.027526981286062,21.03709830381948,37.23291957210291,32.48438312159614,89.383650773614,89.15,Very High
48.46824968805159,36.41117123856057,176.8005459419287,7.297316334098886,1.027526981286062,21.03709830381948,39.130199136090226,30.687676665593123,63.25771785438518,89.27,Very High
117.09031338475788,35.255017653093326,269.62157713959857,5.630602550433404,1.027526981286062,21.03709830381948,25.888865996674994,23.44670099684428,76.19065304751781,90.92,Very High
43.18135726499462,22.923973427847592,276.16844736270207,6.887604821865696,1.027526981286062,21.03709830381948,39.13697214437357,32.8294396874301,67.06728905481629,79.39,Very High
110.2930697528156,57.765355608799936,161.2130224496293,6.15134874318535,1.027526981286062,21.03709830381948,35.49992206946078,22.797326132269298,61.24575882642136,99.72,Very High
152.8276289709949,65.18729066100931,126.43867133641238,7.104996382225154,1.027526981286062,21.03709830381948,43.731076999908865,28.40760967057317,61.15260218532565,86.0,Very High
109.05690134510547,25.25669115426819,202.1640788624069,6.821226692904033,1.027526981286062,21.03709830381948,28.24896131061247,23.705645485521494,65.60709670738648,96.1,Very High
86.58039114478262,82.04220933560084,278.9672029480058,6.941118616249312,1.027526981286062,21.03709830381948,46.378338222926246,22.140479328770848,87.73665134419201,89.64,Very High
117.19458621308236,56.26310677984221,110.55892536135998,6.640404594202678,1.027526981286062,21.03709830381948,60.02194457537773,27.06441112153167,69.03931980726486,99.72,Very High
94.990346858982,61.951221546206405,209.51198005523588,5.443571923674267,1.027526981286062,21.03709830381948,37.92194949958672,25.540488491849874,90.41469345840946,94.9,Very High
105.4740147179122,55.26101975505825,211.57445282220493,6.362567297242346,1.027526981286062,21.03709830381948,44.79458567129602,27.83200592557124,78.6119133756542,98.57,Very High
152.97577705318304,52.06104487002608,235.94712537966743,7.46167434881127,1.027526981286062,21.03709830381948,48.67783598059614,28.92639864081461,73.97165407260051,78.31,Very High
86.33231653609292,64.77122650465743,91.57624443054236,7.343470166242797,1.027526981286062,21.03709830381948,33.98446829146579,22.52486886770737,78.56284270942254,93.55,Very High
155.3428676588697,32.419219674457,231.79799152370128,5.107934339492529,1.027526981286062,21.03709830381948,42.40324447110543,23.476039541484948,76.53434832724056,77.98,Very High
148.64207703472766,34.55425043962169,278.1678049597539,5.412037039323593,1.027526981286062,21.03709830381948,39.55575533205821,28.703708757405103,84.2808401202344,78.74,Very High
63.494936174715576,88.94284968108138,103.12394612885808,5.329321933636405,1.027526981286062,21.03709830381948,40.701262719683406,26.11800823807189,69.03987411113127,92.05,Very High
48.323356105019855,95.68923697069062,117.01039798173063,6.814949774963239,1.027526981286062,21.03709830381948,28.9789570751174,30.75008185059337,71.29761253120968,90.21,Very High
52.0933601652912,49.86474530238024,293.1348225699935,7.044463324642363,1.027526981286062,21.03709830381948,39.71620789724286,29.82749978310328,88.61101768106403,84.34,Very High
42.18661907818597,41.6595738514843,103.43446865027757,5.53377841577668,1.027526981286062,21.03709830381948,46.09092068236251,32.147252355878884,90.28660842081295,89.41,Very High
51.3331552907114,71.51996345912126,265.052422408699,6.264631732379573,1.027526981286062,21.03709830381948,58.92340246491746,30.309913920030706,88.56186327956718,89.61,Very High
121.96081280996282,52.698733687847714,178.14668554752836,7.101757570028,1.027526981286062,21.03709830381948,52.30117141469787,27.159172928681777,73.42233580663404,95.68,Very High
48.54263781522748,22.03090845282759,119.33545785676247,6.832003861915626,1.027526981286062,21.03709830381948,68.37516243604696,30.075599468733188,84.97169609622021,89.27,Very High
78.27707563525135,32.49220778929523,268.9799763054027,6.355593013729621,1.027526981286062,21.03709830381948,29.055189257295254,25.30457409106502,75.24274346563516,92.83,Very High
141.38503731633455,77.2777783077918,166.87326120063972,6.475869226146932,1.027526981286062,21.03709830381948,51.13053488988213,25.67576198533856,75.92127526867527,93.04,Very High
42.7926322882991,72.71391535281211,183.55616494312565,6.2709013672907,1.027526981286062,21.03709830381948,41.85460856769646,31.46782191904952,66.54976348983308,92.55,Very High
137.73621791067228,22.16767940027868,146.21600865594377,5.743871128297052,1.027526981286062,21.03709830381948,68.86819490361276,27.357034196818987,78.91616970427253,88.35,Very High
73.82257297280799,37.75777295463595,202.30820434438257,6.41255498214754,1.027526981286062,21.03709830381948,28.50385737650307,31.580564086220228,65.95634872810713,99.49,Very High
54.17977931459875,38.48598372704571,99.24572942040548,6.722213255125227,1.027526981286062,21.03709830381948,28.080792589312324,31.86906848401934,70.6100703701502,97.3,Very High
123.60845984369809,73.75141948789827,153.85956879642256,7.183307289652019,1.027526981286062,21.03709830381948,31.316416775249348,32.29074805193541,87.36096645183792,94.24,Very High
115.47314161358608,21.57684302034913,292.658957360469,6.59072838494812,1.027526981286062,21.03709830381948,10.791573766196759,32.99962283009449,66.62642589474737,84.84,Very High
145.29664162324636,28.32868655876591,121.9520238482706,6.902803842607895,1.027526981286062,21.03709830381948,32.30782222942861,27.171822646159555,62.27706512554985,89.54,Very High
128.2085252564663,83.99328682985515,217.6167994899101,5.400179087386433,1.027526981286062,21.03709830381948,29.16578894224169,25.826401819853665,62.20824296361012,89.91,Very High
136.41771164618183,34.28357296434669,138.04561541392678,6.153893686049475,1.027526981286062,21.03709830381948,41.41101679201669,28.986384959129367,90.10510465609946,94.59,Very High
73.84414870855679,72.21968862814998,245.63355016478417,5.023329049567733,1.027526981286062,21.03709830381948,43.987383444022925,26.45406908125153,76.22145401477871,86.72,Very High
61.292745253566736,39.05462248373812,91.40967857240396,5.6166971613040575,1.027526981286062,21.03709830381948,64.6456717869154,29.2128900016028,73.10118629814458,97.73,Very High
130.073770196903,27.955311420747613,292.7570508188508,6.816154287782512,1.027526981286062,21.03709830381948,52.182061758410214,30.467030351725896,85.94811459225339,85.75,Very High
136.82016871207168,39.453775279956325,168.90948993207343,7.479524878373409,1.027526981286062,21.03709830381948,31.619192801810954,30.26086022190564,86.74642969313652,86.75,Very High
158.8606170400808,77.78135454845273,116.65211120315136,5.24794524896804,1.027526981286062,21.03709830381948,27.290593395147354,26.49463464424145,70.63011305969934,81.58,Very High
89.51412122937117,88.45571744850287,77.63921935920304,6.003735789653221,1.027526981286062,21.03709830381948,46.00907566676051,24.002322420385035,82.19577783916145,96.72,Very High
84.64217029513398,86.41758916535933,100.74189722100978,7.000177421747899,1.027526981286062,21.03709830381948,21.61152370810981,27.16635206154649,84.67593010726037,95.62,Very High
133.16955528903964,51.77468236947639,184.74574765344423,5.510089086572247,1.027526981286062,21.03709830381948,64.043699708881,23.711129728982904,80.94882197971054,92.46,Very High
80.89642483036215,73.44681092565169,140.8807623435087,6.387712373255716,1.027526981286062,21.03709830381948,55.26537678132884,32.6811644222057,64.85104239360318,99.72,Very High
151.69087907242778,36.39874363326568,258.9320078118263,6.832678240074187,1.027526981286062,21.03709830381948,33.06956728209436,26.15052952885429,88.02825867254583,83.56,Very High
143.0095302211614,43.45181842088106,163.41300567883343,6.539963625650447,1.027526981286062,21.03709830381948,16.32177515637812,23.853516966679884,77.25102568755227,92.53,Very High
91.4792832850022,91.70686548168958,119.69142542103116,5.47006183653854,1.027526981286062,21.03709830381948,57.613810620058494,22.30537311886901,69.03911764384011,92.79,Very High
130.1045281349797,21.04015388085888,208.1147967849672,5.888461421714348,1.027526981286062,21.03709830381948,37.844135705034624,29.74986863543781,73.6073019340062,89.78,Very High
130.54514489016188,26.840682468357446,229.626532052507,6.959479461213493,1.027526981286062,21.03709830381948,56.05131298410039,29.64282780945692,61.20227489276503,89.55,Very High
52.37486426031191,36.63090041168218,100.09005789622796,6.385566285330041,1.027526981286062,21.03709830381948,17.919961418320295,26.0872499989755,64.09173763911735,96.55,Very High
148.30634880154798,22.12257630990557,100.22861190919625,5.013074033857282,1.027526981286062,21.03709830381948,31.316654032130497,22.860542666171813,84.49749601650754,77.07,Very High
100.63028469374284,34.51483480718379,68.80114246405032,6.902476900070234,1.027526981286062,21.03709830381948,39.45681756161874,26.915546738742783,60.00037231217172,95.76,Very High
139.174895932929,66.64332487757537,236.7364836157537,5.088278387350598,1.027526981286062,21.03709830381948,40.018733906601405,25.734609940760723,73.33010651143334,82.32,Very High
78.40595212367342,53.71396404739984,219.31308662923325,6.864334456828081,1.027526981286062,21.03709830381948,33.326853385776126,30.125447676820112,76.72032579473883,97.06,Very High
147.46278741954404,91.413736886158,173.91141017995534,5.506201400413094,1.027526981286062,21.03709830381948,47.77183583994202,29.269350993432283,61.74830144003111,84.69,Very High
86.70420144809958,85.39548493907527,262.6009077526073,7.395183700298451,1.027526981286062,21.03709830381948,25.01252543449472,26.37512473837048,91.13850121511464,85.16,Very High
41.3005181776358,47.34538813583008,253.3608367080128,5.919851878255211,1.027526981286062,21.03709830381948,37.46932227001961,24.61471065105988,67.2360105999895,86.6,Very High
148.64583717031164,40.7538746745034,200.48504745522047,5.817329040845197,1.027526981286062,21.03709830381948,41.005796291013034,33.8564315938671,69.73435902836098,90.72,Very High
50.95440121433603,50.37539265338136,268.38510732318207,5.372220125831111,1.027526981286062,21.03709830381948,46.3122646500491,27.44801945435338,69.72616039216088,84.47,Very High
78.31763651084978,67.22359540118461,109.4018904088244,5.764010538725537,1.027526981286062,21.03709830381948,48.966904975128415,30.259290829362847,67.3733331877552,99.33,Very High
154.0074360460966,41.4450912658301,86.86070865545469,7.1916269045705015,1.027526981286062,21.03709830381948,24.24482565990296,23.68663561094033,60.04716230676196,84.65,Very High
154.07285763250673,69.93191262793073,124.7399067640775,7.490835844068118,1.027526981286062,21.03709830381948,18.731980030086632,27.827076395912773,83.33903341081589,81.23,Very High
108.81254657479434,52.75293217529924,73.70084546143556,5.920773826267121,1.027526981286062,21.03709830381948,56.587967005869274,22.330440638433583,90.93905599357711,98.15,Very High
115.82046546037591,64.16377446815842,187.4806867202477,6.121526577386357,1.027526981286062,21.03709830381948,43.86026344844612,28.0654614149254,67.17739146512145,99.72,Very High
93.81346263739836,54.890122330825335,284.7853661507908,6.805177345506843,1.027526981286062,21.03709830381948,29.30912092185547,33.56820888541243,81.21751013770952,91.19,Very High
75.18529260376775,43.55726076335341,69.44244976044232,7.215489451162686,1.027526981286062,21.03709830381948,60.26984516854604,26.610480555829604,83.74068246267888,92.36,Very High
79.43974544438991,95.87626455697252,89.30637936240643,6.482610835466961,1.027526981286062,21.03709830381948,40.94358241431716,22.46795215089893,87.1496121308968,95.19,Very High
120.70221472924462,81.08846353278086,168.52776678802445,5.978814245444573,1.027526981286062,21.03709830381948,55.26345238216213,22.371469491032123,73.52413430443549,99.19,Very High
130.2849435325216,31.2090540613162,284.1300042066972,6.03155460212156,1.027526981286062,21.03709830381948,40.295241658866715,26.655841119362435,69.69378898049374,88.1,Very High
134.9894852471018,89.47743807183302,135.87746519442013,6.739045366242017,1.027526981286062,21.03709830381948,67.13068855000631,23.92029923755833,70.40944428873699,92.33,Very High
134.75417713534648,58.99449585996109,181.7363540852142,5.008045659010697,1.027526981286062,21.03709830381948,63.01890123530147,22.28022515593824,82.8038826591524,86.51,Very High
50.944732365842846,91.56417815152732,69.9774861720941,6.548973343649601,1.027526981286062,21.03709830381948,36.03434092103394,31.07456336740212,86.13694292818036,90.14,Very High
99.33043656430978,83.98842047578522,95.60236823090132,5.888732526103394,1.027526981286062,21.03709830381948,52.46677169155585,27.502276106582688,65.81164696821128,98.59,Very High
46.90705120199731,54.017080357538674,296.79122951012323,6.98549332819271,1.027526981286062,21.03709830381948,48.07511037826957,25.470937263671853,71.87011226104849,82.48,Very High
105.94346587884826,21.7975446656094,291.62848714465093,5.23247659955783,1.027526981286062,21.03709830381948,57.81251794033072,32.80099819619777,88.8620862959728,78.92,Very High
92.98366016480524,41.494188750795686,61.18559542425831,6.470505667370976,1.027526981286062,21.03709830381948,26.395165582223964,23.393667522406307,85.81419263023166,95.02,Very High
146.52450193099597,63.33073717286936,288.4348285015774,6.202432224715309,1.027526981286062,21.03709830381948,48.62273699649,33.47102594746383,91.51546888839924,82.59,Very High
82.10980150624944,70.67825758609177,213.38878507572008,6.605813814763069,1.027526981286062,21.03709830381948,53.636106941673575,25.76760060852824,84.13594430982658,98.39,Very High
54.0480419713127,40.631014834656185,268.3003906848053,5.1621339862074205,1.027526981286062,21.03709830381948,15.707781913166631,32.660844067704176,72.58224643289351,83.48,Very High
57.1590018463403,31.14848592582593,169.1375653521262,6.449959468570328,1.027526981286062,21.03709830381948,23.455655174173003,29.235314517753537,78.90041068782841,98.54,Very High
131.38127580609665,86.79441894394392,183.74304685902007,6.403711469898809,1.027526981286062,21.03709830381948,11.931424531742717,31.92048831689785,81.15245613591425,94.23,Very High
114.18616759795133,98.75217445628417,177.32317926166084,6.401650236040427,1.027526981286062,21.03709830381948,35.75911489758957,33.80815795852557,62.51058612214797,94.37,Very High
52.13472113473483,62.05521458421487,220.04742181106505,6.508719166491137,1.027526981286062,21.03709830381948,49.0467070421623,25.46086525382495,77.42390269132369,94.44,Very High
50.092816733799694,33.73434286786428,93.5163011415151,6.6911698430659055,1.027526981286062,21.03709830381948,59.612904453337606,33.53362582489112,82.6982665111235,95.6,Very High
124.1162957750944,41.78458612154952,67.19366156944271,7.012472499201925,1.027526981286062,21.03709830381948,40.38378034837491,26.673782738829043,65.35428172803392,92.82,Very High
48.73156076370322,21.471254123797337,133.90318598188583,5.674551800320536,1.027526981286062,21.03709830381948,61.31276048712619,26.626142856843067,84.98021495761783,87.98,Very High
138.62320711484273,93.14390452483993,229.1233830567952,7.062623525450155,1.027526981286062,21.03709830381948,20.80549945402782,26.08464525105407,78.68072897645158,84.25,Very High
124.74906725877956,29.42008663121129,108.4448285095076,6.245639205658634,1.027526981286062,21.03709830381948,16.45307047064198,28.49689128817102,90.47109714232305,97.85,Very High
49.76185367702797,66.12131804114028,221.62378399798013,5.192645697835828,1.027526981286062,21.03709830381948,38.63836469644129,23.849740518141846,61.35751354262054,86.69,Very High
50.18052569022303,41.92441765497648,292.7788910657449,5.146377323109948,1.027526981286062,21.03709830381948,44.55700859367817,28.644537824296133,68.49043640177494,79.25,Very High
158.39674942014105,64.33424020126347,82.53617178946041,5.835595796740152,1.027526981286062,21.03709830381948,38.94604083958455,28.50045774892005,79.24972413759437,87.73,Very High
84.91249549073444,72.11363106814915,221.4245083740303,6.962242442778669,1.027526981286062,21.03709830381948,11.5516258720242,31.14282175125844,69.48991719058978,95.74,Very High
84.47705764802691,86.37934429657614,166.50005263309708,6.769202336852289,1.027526981286062,21.03709830381948,38.18637018744628,32.00379954325103,82.86157325027975,97.9,Very High
137.5359480709003,36.513701740848255,268.3541410506013,6.971537411681016,1.027526981286062,21.03709830381948,21.823755225358084,27.285296203749088,84.28816904070179,85.46,Very High
153.66982928606305,20.87966629267844,102.51594946737262,6.293172641104023,1.027526981286062,21.03709830381948,48.40222279415677,25.627998992217925,63.28051085012719,83.12,Very High
158.32012765874452,30.950850405504585,226.2302285342795,6.100497494888726,1.027526981286062,21.03709830381948,44.32184239354463,25.11201876780513,76.44334285461656,85.13,Very High
130.405382231073,92.0014913478484,261.14766951554645,5.36863131676571,1.027526981286062,21.03709830381948,26.732336093411092,24.335486040458463,76.28449777891379,82.24,Very High
85.1511502637099,89.91120620500122,286.7074126737656,5.820481884023279,1.027526981286062,21.03709830381948,32.46787535016009,22.6917709863883,71.81698464689731,88.22,Very High
50.02008600384025,67.79304817362467,223.979526789515,6.085048415434688,1.027526981286062,21.03709830381948,25.125710156054627,26.10937574601656,89.8535956022295,93.17,Very High
133.2576299112924,68.04134883469227,179.32194336202255,5.221501074199043,1.027526981286062,21.03709830381948,38.542352537369325,25.2429723055694,86.48020223594308,89.29,Very High
107.0085099682966,73.20293396370045,208.2833376482913,5.551529881778028,1.027526981286062,21.03709830381948,52.24558810355363,33.597008630396886,82.31070022110838,96.2,Very High
90.90664110963716,34.02970228987597,268.5371962748924,6.495563235159347,1.027526981286062,21.03709830381948,26.115094119770504,28.692505915000527,82.85845234351993,92.87,Very High
148.7625262113683,93.1529556739968,196.94633919331912,6.839157785597974,1.027526981286062,21.03709830381948,46.172349743015374,26.16732446836609,74.77491660201981,86.53,Very High
53.34369787673816,53.50164199136585,67.29289432724084,7.495868778482374,1.027526981286062,21.03709830381948,32.24720241730034,28.96561121192435,89.47182467509043,85.87,Very High
99.1150125149031,50.65108225995979,283.42768692167465,7.332783328358895,1.027526981286062,21.03709830381948,28.711534886284767,23.670360416148345,82.22705367210513,85.33,Very High
41.36243737209029,61.513416422627,225.48642024757467,6.606412998837978,1.027526981286062,21.03709830381948,37.945238161932345,27.32852499042644,83.32739397298613,89.41,Very High
96.23927703929516,23.757277342004404,222.3632125865392,6.05312013323518,1.027526981286062,21.03709830381948,25.448441616995858,29.514811857052766,87.57410892119505,93.33,Very High
46.75639308182048,33.30266950048635,111.76203657545211,6.590443411770582,1.027526981286062,21.03709830381948,31.932273107199727,27.86677398150941,68.77029085895012,94.21,Very High
54.25814995216863,79.04268931410964,218.1325128558377,6.96412904520058,1.027526981286062,21.03709830381948,23.258830069671397,26.82134560785189,85.82626892373449,93.65,Very High
54.10314961325258,26.62389343401012,154.52745735699804,5.295840477308468,1.027526981286062,21.03709830381948,65.83790485038196,33.92618066679638,66.24769929460774,89.54,Very High
117.90523625392764,68.25216875731105,216.2959144899581,6.024762224240721,1.027526981286062,21.03709830381948,39.860983852392906,32.56377714578713,71.05094247183641,98.1,Very High
129.5253855118508,39.62792877450568,85.58232727391777,7.099505714089043,1.027526981286062,21.03709830381948,29.96560530034552,29.48087149791328,70.73953453663496,93.34,Very High
110.00425181165916,51.14364912335813,217.88287310472865,5.95958237983261,1.027526981286062,21.03709830381948,42.267095888243134,28.8325283341874,91.3128149884525,97.94,Very High
155.46070581694505,43.09549894165599,299.85929418495994,6.429680678067967,1.027526981286062,21.03709830381948,37.8739137732479,29.447925757895007,87.40919115993366,78.66,Very High
84.9844695428445,48.45381731719593,71.57088932653345,6.469423402155496,1.027526981286062,21.03709830381948,36.41123994484588,24.4157452938692,82.43743557088831,97.62,Very High
74.28545035382328,77.52367241473964,294.5218042131162,5.461190632834098,1.027526981286062,21.03709830381948,47.65493087443363,26.741652919171823,83.26581637169248,86.59,Very High
144.23189538273522,43.769737249854,157.65791057348895,5.905588604130721,1.027526981286062,21.03709830381948,49.5847739609281,22.473514394690792,77.98632942088227,92.15,Very High
66.83150062233432,65.31237122375177,268.98082808094216,5.836278221854831,1.027526981286062,21.03709830381948,32.24392370999621,27.70655244984192,90.3069013474726,92.83,Very High
155.58670473287336,58.08403217592797,247.7725161739856,5.065491771330162,1.027526981286062,21.03709830381948,31.63380607032269,28.51629500749196,75.88028009223557,75.84,Very High
41.45853696277796,73.09369322901185,196.08390263680027,5.060479409728388,1.027526981286062,21.03709830381948,35.68311641488607,24.73299683323852,72.17656671583663,83.96,Very High
156.38545920491669,94.94637914598064,237.2278102203184,7.079242609189434,1.027526981286062,21.03709830381948,8.394763771509812,33.56834616598616,65.21713078181091,77.19,Very High
45.17918943406913,78.60576777682002,270.84373471232345,5.682677024932032,1.027526981286062,21.03709830381948,18.98674752603396,32.91345533124691,85.15858087235385,85.19,Very High
146.93717364376852,37.19523028726054,156.99367719624792,6.295196915597039,1.027526981286062,21.03709830381948,57.78885901587594,30.66571882547087,83.50220582641893,91.31,Very High
103.324133090356,22.494650804902776,138.48795877517728,5.746813933971932,1.027526981286062,21.03709830381948,61.532914637205344,28.40063954518435,72.29936123277231,94.14,Very High
159.15577553431604,40.98112354398601,220.2224125352604,7.351698112788352,1.027526981286062,21.03709830381948,36.033373029859504,32.439629915772215,60.80618924669534,79.2,Very High
48.855587768247865,67.60623445602039,253.88302606590207,5.648241897164434,1.027526981286062,21.03709830381948,47.148579684997024,23.567828125881555,86.84791448697635,88.04,Very High
106.46251412815847,24.114065078740023,242.9484323463878,6.074142031847337,1.027526981286062,21.03709830381948,43.57667440685379,31.486117531298618,60.36537547053035,91.51,Very High
156.3163042742919,59.70929977609891,251.47527572607228,7.181825626211505,1.027526981286062,21.03709830381948,80.83811747382467,23.49784976760218,82.51839294812963,78.89,Very High
102.77174130041786,67.74742791335115,164.53999555510393,7.104833916979522,1.027526981286062,21.03709830381948,54.45939348136203,31.530527950592862,91.04822751123382,96.26,Very High
115.52783657623152,46.73951126535687,256.2802118820052,5.465253544615694,1.027526981286062,21.03709830381948,37.664027088034004,25.309210819016283,74.00516250074251,90.46,Very High
123.48984267815406,81.67297629966575,88.85017328894602,7.006608274489276,1.027526981286062,21.03709830381948,26.52149199947003,32.52508697221827,67.51914895987049,95.81,Very High
94.54492777213278,28.527860250701742,190.6773835106039,6.145467216844732,1.027526981286062,21.03709830381948,17.758150567866146,33.328505125904776,82.55587232138822,98.74,Very High
115.3069696100876,26.0110225388647,61.382078519549175,6.207422180213388,1.027526981286062,21.03709830381948,42.12551211994679,23.785551632861388,86.14810054449873,92.41,Very High
110.11771743077205,78.25510049628826,137.90059917606487,5.33369993103986,1.027526981286062,21.03709830381948,29.20324271684222,27.552107260784723,77.48577011449112,94.66,Very High
148.1389612589187,59.63930529649588,147.9507683691355,5.201503784392812,1.027526981286062,21.03709830381948,20.23799102842765,33.77184853795222,90.94512880819669,84.43,Very High
45.453565640974944,75.07219171421889,155.0814459862213,6.819848267434413,1.027526981286062,21.03709830381948,30.68121504434214,27.80088923167776,61.65339909305476,93.44,Very High
73.71558275106764,54.7861870882997,226.9121296055669,6.241152880888249,1.027526981286062,21.03709830381948,24.825014317877418,32.362570270174544,76.1534591457449,97.03,Very High
154.04937808918703,39.71216265912855,153.25394430488296,6.092126756537949,1.027526981286062,21.03709830381948,62.10071481506438,29.06477826557584,82.9905263143216,89.08,Very High
146.83165406690995,85.52818541393597,167.68646942940734,6.823770571630992,1.027526981286062,21.03709830381948,51.25600100558216,26.503958895035225,87.60449507677373,89.49,Very High
94.67881033428554,83.95327031751833,117.01059140983858,6.913782247477775,1.027526981286062,21.03709830381948,39.27888199123262,25.42940266631044,65.73617958104929,97.3,Very High
114.4159117361844,75.57571766835414,149.58042999104163,5.397270419173384,1.027526981286062,21.03709830381948,59.3111526685718,24.438677093033046,85.60011141643781,95.35,Very High
73.28574195773592,41.77161097839701,114.54471054315636,6.525562873694103,1.027526981286062,21.03709830381948,40.42785282902042,31.14157829653237,77.68662642299344,99.72,Very High
62.57453916685136,67.21845334952697,77.56702170442648,5.338385205694214,1.027526981286062,21.03709830381948,27.79049206939717,26.638486081876334,72.68971782367882,94.1,Very High
95.64380859279784,48.87791175520214,204.8276624115307,6.878437715072614,1.027526981286062,21.03709830381948,59.892497152993485,28.13530554640901,64.214880914531,98.35,Very High
82.40226736312634,27.32656586613073,220.3710716532039,6.642387890667849,1.027526981286062,21.03709830381948,46.64172789796008,27.90790576001418,87.6894642850852,95.91,Very High
110.03873342210466,93.38508603697944,208.67768304230748,7.391536552708645,1.027526981286062,21.03709830381948,25.421463425951472,28.927348350797573,65.03274266175089,88.31,Very High
49.32815643579818,30.945490473516912,171.23857051213736,5.172395040891053,1.027526981286062,21.03709830381948,36.82363324381102,32.38692574749463,69.91321149469118,88.46,Very High
156.92737691993997,96.0189883056642,151.14858724301516,5.142636802878136,1.027526981286062,21.03709830381948,27.59750841969408,33.76887212300115,69.28145702279798,76.46,Very High
158.34528933755234,55.68046183663646,267.2000758972381,5.705467686733,1.027526981286062,21.03709830381948,20.769171797268243,26.89101050288581,87.88524909410734,79.99,Very High
100.32148278746338,56.7308604990609,173.3655567779839,6.283860218864311,1.027526981286062,21.03709830381948,33.89196068635933,26.93225290318655,76.60903296414556,99.72,Very High
100.32148278746338,56.7308604990609,173.3655567779839,6.283860218864311,1.027526981286062,21.03709830381948,18.10183818143908,26.93225290318655,76.60903296414556,99.72,Very High
100.32148278746338,56.7308604990609,173.3655567779839,6.283860218864311,1.027526981286062,21.03709830381948,31.96526336547837,26.93225290318655,76.60903296414556,99.72,Very High
100.32148278746338,56.7308604990609,173.3655567779839,6.283860218864311,1.027526981286062,21.03709830381948,40.29658271597792,26.93225290318655,76.60903296414556,99.72,Very High
100.32148278746338,56.7308604990609,173.3655567779839,6.283860218864311,1.027526981286062,21.03709830381948,23.096150331610687,26.93225290318655,76.60903296414556,99.72,Very High
100.32148278746338,56.7308604990609,173.3655567779839,6.283860218864311,1.027526981286062,21.03709830381948,47.9051109028246,26.93225290318655,76.60903296414556,99.72,Very High
100.32148278746338,56.7308604990609,173.3655567779839,6.283860218864311,1.027526981286062,21.03709830381948,64.88746945051003,26.93225290318655,76.60903296414556,99.72,Very High
100.32148278746338,56.7308604990609,173.3655567779839,6.283860218864311,1.027526981286062,21.03709830381948,37.58697379907219,26.93225290318655,76.60903296414556,99.72,Very High
100.32148278746338,56.7308604990609,173.3655567779839,6.283860218864311,1.027526981286062,21.03709830381948,32.73642783651063,26.93225290318655,76.60903296414556,99.72,Very High
100.32148278746338,56.7308604990609,173.3655567779839,6.283860218864311,1.027526981286062,21.03709830381948,35.03520834172333,26.93225290318655,76.60903296414556,99.72,Very High
100.32148278746338,56.7308604990609,173.3655567779839,6.283860218864311,1.027526981286062,21.03709830381948,20.757308919760057,26.93225290318655,76.60903296414556,99.72,Very High
100.32148278746338,56.7308604990609,173.3655567779839,6.283860218864311,1.027526981286062,21.03709830381948,59.16368007131119,26.93225290318655,76.60903296414556,99.72,Very High
100.32148278746338,56.7308604990609,173.3655567779839,6.283860218864311,1.027526981286062,21.03709830381948,35.7412827760676,26.93225290318655,76.60903296414556,99.72,Very High
100.32148278746338,56.7308604990609,173.3655567779839,6.283860218864311,1.027526981286062,21.03709830381948,34.36372057124207,26.93225290318655,76.60903296414556,99.72,Very High
100.32148278746338,56.7308604990609,173.3655567779839,6.283860218864311,1.027526981286062,21.03709830381948,47.98451364652372,26.93225290318655,76.60903296414556,99.72,Very High
100.32148278746338,56.7308604990609,173.3655567779839,6.283860218864311,1.027526981286062,21.03709830381948,37.10167104655618,26.93225290318655,76.60903296414556,99.72,Very High
100.32148278746338,56.7308604990609,173.3655567779839,6.283860218864311,1.027526981286062,21.03709830381948,47.4116734403923,26.93225290318655,76.60903296414556,99.72,Very High
100.32148278746338,56.7308604990609,173.3655567779839,6.283860218864311,1.027526981286062,21.03709830381948,18.07231450653937,26.93225290318655,76.60903296414556,99.72,Very High
100.32148278746338,56.7308604990609,173.3655567779839,6.283860218864311,1.027526981286062,21.03709830381948,55.68616718611137,26.93225290318655,76.60903296414556,99.72,Very High
100.32148278746338,56.7308604990609,173.3655567779839,6.283860218864311,1.027526981286062,21.03709830381948,62.02519764397013,26.93225290318655,76.60903296414556,99.72,Very High
100.32148278746338,56.7308604990609,173.3655567779839,6.283860218864311,1.027526981286062,21.03709830381948,47.4382693079693,26.93225290318655,76.60903296414556,99.72,Very High
100.32148278746338,56.7308604990609,173.3655567779839,6.283860218864311,1.027526981286062,21.03709830381948,62.72829644294054,26.93225290318655,76.60903296414556,99.72,Very High
100.32148278746338,56.7308604990609,173.3655567779839,6.283860218864311,1.027526981286062,21.03709830381948,22.571615718498165,26.93225290318655,76.60903296414556,99.72,Very High
100.32148278746338,56.7308604990609,173.3655567779839,6.283860218864311,1.027526981286062,21.03709830381948,38.87080947401768,26.93225290318655,76.60903296414556,99.72,Very High
100.32148278746338,56.7308604990609,173.3655567779839,6.283860218864311,1.027526981286062,21.03709830381948,45.09033669727236,26.93225290318655,76.60903296414556,99.72,Very High
100.32148278746338,56.7308604990609,173.3655567779839,6.283860218864311,1.027526981286062,21.03709830381948,44.08683237105933,26.93225290318655,76.60903296414556,99.72,Very High
100.32148278746338,56.7308604990609,173.3655567779839,6.283860218864311,1.027526981286062,21.03709830381948,35.07308895445216,26.93225290318655,76.60903296414556,99.72,Very High
100.32148278746338,56.7308604990609,173.3655567779839,6.283860218864311,1.027526981286062,21.03709830381948,31.90422046831307,26.93225290318655,76.60903296414556,99.72,Very High
100.32148278746338,56.7308604990609,173.3655567779839,6.283860218864311,1.027526981286062,21.03709830381948,21.34120112752094,26.93225290318655,76.60903296414556,99.72,Very High
100.32148278746338,56.7308604990609,173.3655567779839,6.283860218864311,1.027526981286062,21.03709830381948,34.58712252811391,26.93225290318655,76.60903296414556,99.72,Very High
100.32148278746338,56.7308604990609,173.3655567779839,6.283860218864311,1.027526981286062,21.03709830381948,23.13304075527426,26.93225290318655,76.60903296414556,99.72,Very High
100.32148278746338,56.7308604990609,173.3655567779839,6.283860218864311,1.027526981286062,21.03709830381948,51.71828382461092,26.93225290318655,76.60903296414556,99.72,Very High
100.32148278746338,56.7308604990609,173.3655567779839,6.283860218864311,1.027526981286062,21.03709830381948,25.4415467747295,26.93225290318655,76.60903296414556,99.72,Very High
100.32148278746338,56.7308604990609,173.3655567779839,6.283860218864311,1.027526981286062,21.03709830381948,17.92826526422669,26.93225290318655,76.60903296414556,99.72,Very High
100.32148278746338,56.7308604990609,173.3655567779839,6.283860218864311,1.027526981286062,21.03709830381948,42.61830689086172,26.93225290318655,76.60903296414556,99.72,Very High
100.32148278746338,56.7308604990609,173.3655567779839,6.283860218864311,1.027526981286062,21.03709830381948,44.76148663597008,26.93225290318655,76.60903296414556,99.72,Very High
100.32148278746338,56.7308604990609,173.3655567779839,6.283860218864311,1.027526981286062,21.03709830381948,58.59565306402528,26.93225290318655,76.60903296414556,99.72,Very High
100.32148278746338,56.7308604990609,173.3655567779839,6.283860218864311,1.027526981286062,21.03709830381948,43.849080620884095,26.93225290318655,76.60903296414556,99.72,Very High
100.32148278746338,56.7308604990609,173.3655567779839,6.283860218864311,1.027526981286062,21.03709830381948,32.27404268617229,26.93225290318655,76.60903296414556,99.72,Very High
100.32148278746338,56.7308604990609,173.3655567779839,6.283860218864311,1.027526981286062,21.03709830381948,55.150594076316025,26.93225290318655,76.60903296414556,99.72,Very High
100.32148278746338,56.7308604990609,173.3655567779839,6.283860218864311,1.027526981286062,21.03709830381948,42.01394465937105,26.93225290318655,76.60903296414556,99.72,Very High
100.32148278746338,56.7308604990609,173.3655567779839,6.283860218864311,1.027526981286062,21.03709830381948,18.964014231559588,26.93225290318655,76.60903296414556,99.72,Very High
100.32148278746338,56.7308604990609,173.3655567779839,6.283860218864311,1.027526981286062,21.03709830381948,43.292528015662334,26.93225290318655,76.60903296414556,99.72,Very High
100.32148278746338,56.7308604990609,173.3655567779839,6.283860218864311,1.027526981286062,21.03709830381948,60.40092727108312,26.93225290318655,76.60903296414556,99.72,Very High
100.32148278746338,56.7308604990609,173.3655567779839,6.283860218864311,1.027526981286062,21.03709830381948,34.81563127491103,26.93225290318655,76.60903296414556,99.72,Very High
100.32148278746338,56.7308604990609,173.3655567779839,6.283860218864311,1.027526981286062,21.03709830381948,29.81629009499,26.93225290318655,76.60903296414556,99.72,Very High
100.32148278746338,56.7308604990609,173.3655567779839,6.283860218864311,1.027526981286062,21.03709830381948,22.173472850901003,26.93225290318655,76.60903296414556,99.72,Very High
100.32148278746338,56.7308604990609,173.3655567779839,6.283860218864311,1.027526981286062,21.03709830381948,22.572276096767865,26.93225290318655,76.60903296414556,99.72,Very High
100.32148278746338,56.7308604990609,173.3655567779839,6.283860218864311,1.027526981286062,21.03709830381948,36.63857421709095,26.93225290318655,76.60903296414556,99.72,Very High
100.32148278746338,56.7308604990609,173.3655567779839,6.283860218864311,1.027526981286062,21.03709830381948,44.78399120807647,26.93225290318655,76.60903296414556,99.72,Very High
100.32148278746338,56.7308604990609,173.3655567779839,6.283860218864311,1.027526981286062,21.03709830381948,19.03077025848009,26.93225290318655,76.60903296414556,99.72,Very High
100.32148278746338,56.7308604990609,173.3655567779839,6.283860218864311,1.027526981286062,21.03709830381948,61.978429451258286,26.93225290318655,76.60903296414556,99.72,Very High
100.32148278746338,56.7308604990609,173.3655567779839,6.283860218864311,1.027526981286062,21.03709830381948,52.75668087225979,26.93225290318655,76.60903296414556,99.72,Very High
100.32148278746338,56.7308604990609,173.3655567779839,6.283860218864311,1.027526981286062,21.03709830381948,44.331195914183134,26.93225290318655,76.60903296414556,99.72,Very High
100.32148278746338,56.7308604990609,173.3655567779839,6.283860218864311,1.027526981286062,21.03709830381948,56.42193354694954,26.93225290318655,76.60903296414556,99.72,Very High
100.32148278746338,56.7308604990609,173.3655567779839,6.283860218864311,1.027526981286062,21.03709830381948,19.009337840605664,26.93225290318655,76.60903296414556,99.72,Very High
100.32148278746338,56.7308604990609,173.3655567779839,6.283860218864311,1.027526981286062,21.03709830381948,38.84194388665623,26.93225290318655,76.60903296414556,99.72,Very High
100.32148278746338,56.7308604990609,173.3655567779839,6.283860218864311,1.027526981286062,21.03709830381948,46.50465634308317,26.93225290318655,76.60903296414556,99.72,Very High
100.32148278746338,56.7308604990609,173.3655567779839,6.283860218864311,1.027526981286062,21.03709830381948,56.43264530591446,26.93225290318655,76.60903296414556,99.72,Very High
100.32148278746338,56.7308604990609,173.3655567779839,6.283860218864311,1.027526981286062,21.03709830381948,54.17347800246338,26.93225290318655,76.60903296414556,99.72,Very High
100.32148278746338,56.7308604990609,173.3655567779839,6.283860218864311,1.027526981286062,21.03709830381948,28.85346248566998,26.93225290318655,76.60903296414556,99.72,Very High
100.32148278746338,56.7308604990609,173.3655567779839,6.283860218864311,1.027526981286062,21.03709830381948,62.04400847796021,26.93225290318655,76.60903296414556,99.72,Very High
100.32148278746338,56.7308604990609,173.3655567779839,6.283860218864311,1.027526981286062,21.03709830381948,21.21729207154352,26.93225290318655,76.60903296414556,99.72,Very High
100.32148278746338,56.7308604990609,173.3655567779839,6.283860218864311,1.027526981286062,21.03709830381948,58.75668093105761,26.93225290318655,76.60903296414556,99.72,Very High
100.32148278746338,56.7308604990609,173.3655567779839,6.283860218864311,1.027526981286062,21.03709830381948,63.547012480230926,26.93225290318655,76.60903296414556,99.72,Very High
100.32148278746338,56.7308604990609,173.3655567779839,6.283860218864311,1.027526981286062,21.03709830381948,23.85767616113128,26.93225290318655,76.60903296414556,99.72,Very High
100.32148278746338,56.7308604990609,173.3655567779839,6.283860218864311,1.027526981286062,21.03709830381948,51.10330321018927,26.93225290318655,76.60903296414556,99.72,Very High
100.32148278746338,56.7308604990609,173.3655567779839,6.283860218864311,1.027526981286062,21.03709830381948,17.014275938899925,26.93225290318655,76.60903296414556,99.72,Very High
100.32148278746338,56.7308604990609,173.3655567779839,6.283860218864311,1.027526981286062,21.03709830381948,35.27114125695775,26.93225290318655,76.60903296414556,99.72,Very High
100.32148278746338,56.7308604990609,173.3655567779839,6.283860218864311,1.027526981286062,21.03709830381948,40.8141649598837,26.93225290318655,76.60903296414556,99.72,Very High
100.32148278746338,56.7308604990609,173.3655567779839,6.283860218864311,1.027526981286062,21.03709830381948,44.0322612954817,26.93225290318655,76.60903296414556,99.72,Very High
100.32148278746338,56.7308604990609,173.3655567779839,6.283860218864311,1.027526981286062,21.03709830381948,61.79686241242798,26.93225290318655,76.60903296414556,99.72,Very High
100.32148278746338,56.7308604990609,173.3655567779839,6.283860218864311,1.027526981286062,21.03709830381948,48.61253436470973,26.93225290318655,76.60903296414556,99.72,Very High
100.32148278746338,56.7308604990609,173.3655567779839,6.283860218864311,1.027526981286062,21.03709830381948,39.06389756096185,26.93225290318655,76.60903296414556,99.72,Very High
100.32148278746338,56.7308604990609,173.3655567779839,6.283860218864311,1.027526981286062,21.03709830381948,55.48375181329447,26.93225290318655,76.60903296414556,99.72,Very High
100.32148278746338,56.7308604990609,173.3655567779839,6.283860218864311,1.027526981286062,21.03709830381948,62.526641047720446,26.93225290318655,76.60903296414556,99.72,Very High
100.32148278746338,56.7308604990609,173.3655567779839,6.283860218864311,1.027526981286062,21.03709830381948,16.10330743411454,26.93225290318655,76.60903296414556,99.72,Very High
100.32148278746338,56.7308604990609,173.3655567779839,6.283860218864311,1.027526981286062,21.03709830381948,64.12606361280194,26.93225290318655,76.60903296414556,99.72,Very High
100.32148278746338,56.7308604990609,173.3655567779839,6.283860218864311,1.027526981286062,21.03709830381948,19.306606953184016,26.93225290318655,76.60903296414556,99.72,Very High
100.32148278746338,56.7308604990609,173.3655567779839,6.283860218864311,1.027526981286062,21.03709830381948,55.71933896343807,26.93225290318655,76.60903296414556,99.72,Very High
100.32148278746338,56.7308604990609,173.3655567779839,6.283860218864311,1.027526981286062,21.03709830381948,29.016737627570624,26.93225290318655,76.60903296414556,99.72,Very High
100.32148278746338,56.7308604990609,173.3655567779839,6.283860218864311,1.027526981286062,21.03709830381948,21.608982887693585,26.93225290318655,76.60903296414556,99.72,Very High
100.32148278746338,56.7308604990609,173.3655567779839,6.283860218864311,1.027526981286062,21.03709830381948,36.99278198569175,26.93225290318655,76.60903296414556,99.72,Very High
100.32148278746338,56.7308604990609,173.3655567779839,6.283860218864311,1.027526981286062,21.03709830381948,47.19782897238068,26.93225290318655,76.60903296414556,99.72,Very High
100.32148278746338,56.7308604990609,173.3655567779839,6.283860218864311,1.027526981286062,21.03709830381948,34.047592251173754,26.93225290318655,76.60903296414556,99.72,Very High
100.32148278746338,56.7308604990609,173.3655567779839,6.283860218864311,1.027526981286062,21.03709830381948,17.728270414134947,26.93225290318655,76.60903296414556,99.72,Very High
100.32148278746338,56.7308604990609,173.3655567779839,6.283860218864311,1.027526981286062,21.03709830381948,44.97305698293583,26.93225290318655,76.60903296414556,99.72,Very High
100.32148278746338,56.7308604990609,173.3655567779839,6.283860218864311,1.027526981286062,21.03709830381948,60.120163805533736,26.93225290318655,76.60903296414556,99.72,Very High
100.32148278746338,56.7308604990609,173.3655567779839,6.283860218864311,1.027526981286062,21.03709830381948,34.16076829736258,26.93225290318655,76.60903296414556,99.72,Very High
100.32148278746338,56.7308604990609,173.3655567779839,6.283860218864311,1.027526981286062,21.03709830381948,25.81663888154135,26.93225290318655,76.60903296414556,99.72,Very High
100.32148278746338,56.7308604990609,173.3655567779839,6.283860218864311,1.027526981286062,21.03709830381948,37.12886729664077,26.93225290318655,76.60903296414556,99.72,Very High
100.32148278746338,56.7308604990609,173.3655567779839,6.283860218864311,1.027526981286062,21.03709830381948,17.418135552439043,26.93225290318655,76.60903296414556,99.72,Very High
100.32148278746338,56.7308604990609,173.3655567779839,6.283860218864311,1.027526981286062,21.03709830381948,56.02437922401374,26.93225290318655,76.60903296414556,99.72,Very High
100.32148278746338,56.7308604990609,173.3655567779839,6.283860218864311,1.027526981286062,21.03709830381948,56.317040547509336,26.93225290318655,76.60903296414556,99.72,Very High
100.32148278746338,56.7308604990609,173.3655567779839,6.283860218864311,1.027526981286062,21.03709830381948,44.40002317148142,26.93225290318655,76.60903296414556,99.72,Very High
100.32148278746338,56.7308604990609,173.3655567779839,6.283860218864311,1.027526981286062,21.03709830381948,32.65514444691948,26.93225290318655,76.60903296414556,99.72,Very High
100.32148278746338,56.7308604990609,173.3655567779839,6.283860218864311,1.027526981286062,21.03709830381948,54.989168222289166,26.93225290318655,76.60903296414556,99.72,Very High
100.32148278746338,56.7308604990609,173.3655567779839,6.283860218864311,1.027526981286062,21.03709830381948,42.73435123941836,26.93225290318655,76.60903296414556,99.72,Very High
100.32148278746338,56.7308604990609,173.3655567779839,6.283860218864311,1.027526981286062,21.03709830381948,56.29661542750081,26.93225290318655,76.60903296414556,99.72,Very High
100.32148278746338,56.7308604990609,173.3655567779839,6.283860218864311,1.027526981286062,21.03709830381948,46.57293962915103,26.93225290318655,76.60903296414556,99.72,Very High
100.32148278746338,56.7308604990609,173.3655567779839,6.283860218864311,1.027526981286062,21.03709830381948,54.22027366063986,26.93225290318655,76.60903296414556,99.72,Very High
100.32148278746338,56.7308604990609,173.3655567779839,6.283860218864311,1.027526981286062,21.03709830381948,44.928149660888,26.93225290318655,76.60903296414556,99.72,Very High
100.32148278746338,56.7308604990609,173.3655567779839,6.283860218864311,1.027526981286062,21.03709830381948,35.70705341078331,26.93225290318655,76.60903296414556,99.72,Very High
100.32148278746338,56.7308604990609,173.3655567779839,6.283860218864311,1.027526981286062,21.03709830381948,62.89729299630688,26.93225290318655,76.60903296414556,99.72,Very High
100.32148278746338,56.7308604990609,173.3655567779839,6.283860218864311,1.027526981286062,21.03709830381948,42.05569124394224,26.93225290318655,76.60903296414556,99.72,Very High
100.32148278746338,56.7308604990609,173.3655567779839,6.283860218864311,1.027526981286062,21.03709830381948,45.25447592702692,26.93225290318655,76.60903296414556,99.72,Very High
100.32148278746338,56.7308604990609,173.3655567779839,6.283860218864311,1.027526981286062,21.03709830381948,26.024381970737466,26.93225290318655,76.60903296414556,99.72,Very High
100.32148278746338,56.7308604990609,173.3655567779839,6.283860218864311,1.027526981286062,21.03709830381948,46.28253947136382,26.93225290318655,76.60903296414556,99.72,Very High
100.32148278746338,56.7308604990609,173.3655567779839,6.283860218864311,1.027526981286062,21.03709830381948,43.58038247414719,26.93225290318655,76.60903296414556,99.72,Very High
100.32148278746338,56.7308604990609,173.3655567779839,6.283860218864311,1.027526981286062,21.03709830381948,24.241919897351245,26.93225290318655,76.60903296414556,99.72,Very High
100.32148278746338,56.7308604990609,173.3655567779839,6.283860218864311,1.027526981286062,21.03709830381948,17.979354867657186,26.93225290318655,76.60903296414556,99.72,Very High
100.32148278746338,56.7308604990609,173.3655567779839,6.283860218864311,1.027526981286062,21.03709830381948,45.21796598573856,26.93225290318655,76.60903296414556,99.72,Very High
100.32148278746338,56.7308604990609,173.3655567779839,6.283860218864311,1.027526981286062,21.03709830381948,53.18461346751603,26.93225290318655,76.60903296414556,99.72,Very High
100.32148278746338,56.7308604990609,173.3655567779839,6.283860218864311,1.027526981286062,21.03709830381948,41.17006854610041,26.93225290318655,76.60903296414556,99.72,Very High
100.32148278746338,56.7308604990609,173.3655567779839,6.283860218864311,1.027526981286062,21.03709830381948,26.338631265982286,26.93225290318655,76.60903296414556,99.72,Very High
100.32148278746338,56.7308604990609,173.3655567779839,6.283860218864311,1.027526981286062,21.03709830381948,48.32609883465175,26.93225290318655,76.60903296414556,99.72,Very High
100.32148278746338,56.7308604990609,173.3655567779839,6.283860218864311,1.027526981286062,21.03709830381948,19.00528633048011,26.93225290318655,76.60903296414556,99.72,Very High
100.32148278746338,56.7308604990609,173.3655567779839,6.283860218864311,1.027526981286062,21.03709830381948,37.09168524009773,26.93225290318655,76.60903296414556,99.72,Very High
100.32148278746338,56.7308604990609,173.3655567779839,6.283860218864311,1.027526981286062,21.03709830381948,23.168337919921008,26.93225290318655,76.60903296414556,99.72,Very High
100.32148278746338,56.7308604990609,173.3655567779839,6.283860218864311,1.027526981286062,21.03709830381948,24.22295255299417,26.93225290318655,76.60903296414556,99.72,Very High
100.32148278746338,56.7308604990609,173.3655567779839,6.283860218864311,1.027526981286062,21.03709830381948,25.114697457910182,26.93225290318655,76.60903296414556,99.72,Very High
100.32148278746338,56.7308604990609,173.3655567779839,6.283860218864311,1.027526981286062,21.03709830381948,34.335352852198895,26.93225290318655,76.60903296414556,99.72,Very High
100.32148278746338,56.7308604990609,173.3655567779839,6.283860218864311,1.027526981286062,21.03709830381948,17.55751028101988,26.93225290318655,76.60903296414556,99.72,Very High
100.32148278746338,56.7308604990609,173.3655567779839,6.283860218864311,1.027526981286062,21.03709830381948,34.889672046454905,26.93225290318655,76.60903296414556,99.72,Very High
100.32148278746338,56.7308604990609,173.3655567779839,6.283860218864311,1.027526981286062,21.03709830381948,40.585372355735046,26.93225290318655,76.60903296414556,99.72,Very High
100.32148278746338,56.7308604990609,173.3655567779839,6.283860218864311,1.027526981286062,21.03709830381948,39.16471424831626,26.93225290318655,76.60903296414556,99.72,Very High
100.32148278746338,56.7308604990609,173.3655567779839,6.283860218864311,1.027526981286062,21.03709830381948,34.139205020152026,26.93225290318655,76.60903296414556,99.72,Very High
100.32148278746338,56.7308604990609,173.3655567779839,6.283860218864311,1.027526981286062,21.03709830381948,56.957330403537625,26.93225290318655,76.60903296414556,99.72,Very High
100.32148278746338,56.7308604990609,173.3655567779839,6.283860218864311,1.027526981286062,21.03709830381948,22.266334621025205,26.93225290318655,76.60903296414556,99.72,Very High
100.32148278746338,56.7308604990609,173.3655567779839,6.283860218864311,1.027526981286062,21.03709830381948,40.284837189068696,26.93225290318655,76.60903296414556,99.72,Very High
100.32148278746338,56.7308604990609,173.3655567779839,6.283860218864311,1.027526981286062,21.03709830381948,18.102070847827715,26.93225290318655,76.60903296414556,99.72,Very High
100.32148278746338,56.7308604990609,173.3655567779839,6.283860218864311,1.027526981286062,21.03709830381948,18.557783943895487,26.93225290318655,76.60903296414556,99.72,Very High
100.32148278746338,56.7308604990609,173.3655567779839,6.283860218864311,1.027526981286062,21.03709830381948,43.69329248385482,26.93225290318655,76.60903296414556,99.72,Very High
100.32148278746338,56.7308604990609,173.3655567779839,6.283860218864311,1.027526981286062,21.03709830381948,43.30092124439105,26.93225290318655,76.60903296414556,99.72,Very High
100.32148278746338,56.7308604990609,173.3655567779839,6.283860218864311,1.027526981286062,21.03709830381948,58.90167564222285,26.93225290318655,76.60903296414556,99.72,Very High
100.32148278746338,56.7308604990609,173.3655567779839,6.283860218864311,1.027526981286062,21.03709830381948,42.89368378300366,26.93225290318655,76.60903296414556,99.72,Very High
100.32148278746338,56.7308604990609,173.3655567779839,6.283860218864311,1.027526981286062,21.03709830381948,62.98955102024251,26.93225290318655,76.60903296414556,99.72,Very High
100.32148278746338,56.7308604990609,173.3655567779839,6.283860218864311,1.027526981286062,21.03709830381948,17.43474241999649,26.93225290318655,76.60903296414556,99.72,Very High
100.32148278746338,56.7308604990609,173.3655567779839,6.283860218864311,1.027526981286062,21.03709830381948,19.90038423903705,26.93225290318655,76.60903296414556,99.72,Very High
100.32148278746338,56.7308604990609,173.3655567779839,6.283860218864311,1.027526981286062,21.03709830381948,17.20329307851907,26.93225290318655,76.60903296414556,99.72,Very High
100.32148278746338,56.7308604990609,173.3655567779839,6.283860218864311,1.027526981286062,21.03709830381948,24.263842516677,26.93225290318655,76.60903296414556,99.72,Very High
100.32148278746338,56.7308604990609,173.3655567779839,6.283860218864311,1.027526981286062,21.03709830381948,42.06350554708391,26.93225290318655,76.60903296414556,99.72,Very High
100.32148278746338,56.7308604990609,173.3655567779839,6.283860218864311,1.027526981286062,21.03709830381948,47.2786090713714,26.93225290318655,76.60903296414556,99.72,Very High
100.32148278746338,56.7308604990609,173.3655567779839,6.283860218864311,1.027526981286062,21.03709830381948,17.27925789743344,26.93225290318655,76.60903296414556,99.72,Very High
100.32148278746338,56.7308604990609,173.3655567779839,6.283860218864311,1.027526981286062,21.03709830381948,62.298544492279966,26.93225290318655,76.60903296414556,99.72,Very High
100.32148278746338,56.7308604990609,173.3655567779839,6.283860218864311,1.027526981286062,21.03709830381948,57.10826883251905,26.93225290318655,76.60903296414556,99.72,Very High
100.32148278746338,56.7308604990609,173.3655567779839,6.283860218864311,1.027526981286062,21.03709830381948,29.830624107854657,26.93225290318655,76.60903296414556,99.72,Very High
100.32148278746338,56.7308604990609,173.3655567779839,6.283860218864311,1.027526981286062,21.03709830381948,18.8593765113234,26.93225290318655,76.60903296414556,99.72,Very High
100.32148278746338,56.7308604990609,173.3655567779839,6.283860218864311,1.027526981286062,21.03709830381948,23.494353660952864,26.93225290318655,76.60903296414556,99.72,Very High
100.32148278746338,56.7308604990609,173.3655567779839,6.283860218864311,1.027526981286062,21.03709830381948,21.34722068774863,26.93225290318655,76.60903296414556,99.72,Very High
100.32148278746338,56.7308604990609,173.3655567779839,6.283860218864311,1.027526981286062,21.03709830381948,21.164188964947343,26.93225290318655,76.60903296414556,99.72,Very High
100.32148278746338,56.7308604990609,173.3655567779839,6.283860218864311,1.027526981286062,21.03709830381948,40.9280844332867,26.93225290318655,76.60903296414556,99.72,Very High
100.32148278746338,56.7308604990609,173.3655567779839,6.283860218864311,1.027526981286062,21.03709830381948,27.292372124670017,26.93225290318655,76.60903296414556,99.72,Very High
100.32148278746338,56.7308604990609,173.3655567779839,6.283860218864311,1.027526981286062,21.03709830381948,32.90698582645722,26.93225290318655,76.60903296414556,99.72,Very High
100.32148278746338,56.7308604990609,173.3655567779839,6.283860218864311,1.027526981286062,21.03709830381948,64.47526666921613,26.93225290318655,76.60903296414556,99.72,Very High
100.32148278746338,56.7308604990609,173.3655567779839,6.283860218864311,1.027526981286062,21.03709830381948,49.21571244626724,26.93225290318655,76.60903296414556,99.72,Very High
100.32148278746338,56.7308604990609,173.3655567779839,6.283860218864311,1.027526981286062,21.03709830381948,62.44903335235007,26.93225290318655,76.60903296414556,99.72,Very High
100.32148278746338,56.7308604990609,173.3655567779839,6.283860218864311,1.027526981286062,21.03709830381948,22.12782775165578,26.93225290318655,76.60903296414556,99.72,Very High
100.32148278746338,56.7308604990609,173.3655567779839,6.283860218864311,1.027526981286062,21.03709830381948,34.106973741628465,26.93225290318655,76.60903296414556,99.72,Very High
100.32148278746338,56.7308604990609,173.3655567779839,6.283860218864311,1.027526981286062,21.03709830381948,42.73659016411772,26.93225290318655,76.60903296414556,99.72,Very High
100.32148278746338,56.7308604990609,173.3655567779839,6.283860218864311,1.027526981286062,21.03709830381948,18.8379030944369,26.93225290318655,76.60903296414556,99.72,Very High
100.32148278746338,56.7308604990609,173.3655567779839,6.283860218864311,1.027526981286062,21.03709830381948,15.209372181397892,26.93225290318655,76.60903296414556,99.72,Very High
100.32148278746338,56.7308604990609,173.3655567779839,6.283860218864311,1.027526981286062,21.03709830381948,48.521716689845874,26.93225290318655,76.60903296414556,99.72,Very High
100.32148278746338,56.7308604990609,173.3655567779839,6.283860218864311,1.027526981286062,21.03709830381948,47.09097584007176,26.93225290318655,76.60903296414556,99.72,Very High
100.32148278746338,56.7308604990609,173.3655567779839,6.283860218864311,1.027526981286062,21.03709830381948,35.539440499980586,26.93225290318655,76.60903296414556,99.72,Very High
100.32148278746338,56.7308604990609,173.3655567779839,6.283860218864311,1.027526981286062,21.03709830381948,39.48220380160163,26.93225290318655,76.60903296414556,99.72,Very High
100.32148278746338,56.7308604990609,173.3655567779839,6.283860218864311,1.027526981286062,21.03709830381948,35.772150029604475,26.93225290318655,76.60903296414556,99.72,Very High
100.32148278746338,56.7308604990609,173.3655567779839,6.283860218864311,1.027526981286062,21.03709830381948,16.200252242244442,26.93225290318655,76.60903296414556,99.72,Very High
100.32148278746338,56.7308604990609,173.3655567779839,6.283860218864311,1.027526981286062,21.03709830381948,31.768580310873123,26.93225290318655,76.60903296414556,99.72,Very High
100.32148278746338,56.7308604990609,173.3655567779839,6.283860218864311,1.027526981286062,21.03709830381948,23.854112769864493,26.93225290318655,76.60903296414556,99.72,Very High
100.32148278746338,56.7308604990609,173.3655567779839,6.283860218864311,1.027526981286062,21.03709830381948,19.92120945506844,26.93225290318655,76.60903296414556,99.72,Very High
100.32148278746338,56.7308604990609,173.3655567779839,6.283860218864311,1.027526981286062,21.03709830381948,62.83602169446749,26.93225290318655,76.60903296414556,99.72,Very High
100.32148278746338,56.7308604990609,173.3655567779839,6.283860218864311,1.027526981286062,21.03709830381948,44.96798625210828,26.93225290318655,76.60903296414556,99.72,Very High
100.32148278746338,56.7308604990609,173.3655567779839,6.283860218864311,1.027526981286062,21.03709830381948,51.43281421183013,26.93225290318655,76.60903296414556,99.72,Very High
100.32148278746338,56.7308604990609,173.3655567779839,6.283860218864311,1.027526981286062,21.03709830381948,30.768187163305875,26.93225290318655,76.60903296414556,99.72,Very High
100.32148278746338,56.7308604990609,173.3655567779839,6.283860218864311,1.027526981286062,21.03709830381948,34.65735647470076,26.93225290318655,76.60903296414556,99.72,Very High
100.32148278746338,56.7308604990609,173.3655567779839,6.283860218864311,1.027526981286062,21.03709830381948,26.846199694836173,26.93225290318655,76.60903296414556,99.72,Very High
100.32148278746338,56.7308604990609,173.3655567779839,6.283860218864311,1.027526981286062,21.03709830381948,19.84828354827124,26.93225290318655,76.60903296414556,99.72,Very High
100.32148278746338,56.7308604990609,173.3655567779839,6.283860218864311,1.027526981286062,21.03709830381948,23.95158187207919,26.93225290318655,76.60903296414556,99.72,Very High
100.32148278746338,56.7308604990609,173.3655567779839,6.283860218864311,1.027526981286062,21.03709830381948,54.87570226482429,26.93225290318655,76.60903296414556,99.72,Very High
100.32148278746338,56.7308604990609,173.3655567779839,6.283860218864311,1.027526981286062,21.03709830381948,48.87729025918879,26.93225290318655,76.60903296414556,99.72,Very High
100.32148278746338,56.7308604990609,173.3655567779839,6.283860218864311,1.027526981286062,21.03709830381948,42.34644379927384,26.93225290318655,76.60903296414556,99.72,Very High
100.32148278746338,56.7308604990609,173.3655567779839,6.283860218864311,1.027526981286062,21.03709830381948,38.75449364333841,26.93225290318655,76.60903296414556,99.72,Very High
100.32148278746338,56.7308604990609,173.3655567779839,6.283860218864311,1.027526981286062,21.03709830381948,61.12171418280622,26.93225290318655,76.60903296414556,99.72,Very High
100.32148278746338,56.7308604990609,173.3655567779839,6.283860218864311,1.027526981286062,21.03709830381948,18.636747388933426,26.93225290318655,76.60903296414556,99.72,Very High
100.32148278746338,56.7308604990609,173.3655567779839,6.283860218864311,1.027526981286062,21.03709830381948,29.0300406618958,26.93225290318655,76.60903296414556,99.72,Very High
100.32148278746338,56.7308604990609,173.3655567779839,6.283860218864311,1.027526981286062,21.03709830381948,32.4968926785357,26.93225290318655,76.60903296414556,99.72,Very High
100.32148278746338,56.7308604990609,173.3655567779839,6.283860218864311,1.027526981286062,21.03709830381948,54.12129061063939,26.93225290318655,76.60903296414556,99.72,Very High
100.32148278746338,56.7308604990609,173.3655567779839,6.283860218864311,1.027526981286062,21.03709830381948,64.62573100809857,26.93225290318655,76.60903296414556,99.72,Very High
100.32148278746338,56.7308604990609,173.3655567779839,6.283860218864311,1.027526981286062,21.03709830381948,27.03352573785765,26.93225290318655,76.60903296414556,99.72,Very High
100.32148278746338,56.7308604990609,173.3655567779839,6.283860218864311,1.027526981286062,21.03709830381948,58.71536670685403,26.93225290318655,76.60903296414556,99.72,Very High
100.32148278746338,56.7308604990609,173.3655567779839,6.283860218864311,1.027526981286062,21.03709830381948,56.53113802158956,26.93225290318655,76.60903296414556,99.72,Very High
100.32148278746338,56.7308604990609,173.3655567779839,6.283860218864311,1.027526981286062,21.03709830381948,26.23286988208833,26.93225290318655,76.60903296414556,99.72,Very High
100.32148278746338,56.7308604990609,173.3655567779839,6.283860218864311,1.027526981286062,21.03709830381948,34.966629009961125,26.93225290318655,76.60903296414556,99.72,Very High
100.32148278746338,56.7308604990609,173.3655567779839,6.283860218864311,1.027526981286062,21.03709830381948,35.48364346462596,26.93225290318655,76.60903296414556,99.72,Very High
100.32148278746338,56.7308604990609,173.3655567779839,6.283860218864311,1.027526981286062,21.03709830381948,63.91103342632792,26.93225290318655,76.60903296414556,99.72,Very High
100.32148278746338,56.7308604990609,173.3655567779839,6.283860218864311,1.027526981286062,21.03709830381948,24.044595068944915,26.93225290318655,76.60903296414556,99.72,Very High
100.32148278746338,56.7308604990609,173.3655567779839,6.283860218864311,1.027526981286062,21.03709830381948,54.95789855523911,26.93225290318655,76.60903296414556,99.72,Very High
100.32148278746338,56.7308604990609,173.3655567779839,6.283860218864311,1.027526981286062,21.03709830381948,31.709635708655497,26.93225290318655,76.60903296414556,99.72,Very High
100.32148278746338,56.7308604990609,173.3655567779839,6.283860218864311,1.027526981286062,21.03709830381948,51.54351728880802,26.93225290318655,76.60903296414556,99.72,Very High
100.32148278746338,56.7308604990609,173.3655567779839,6.283860218864311,1.027526981286062,21.03709830381948,36.000550214783146,26.93225290318655,76.60903296414556,99.72,Very High
100.32148278746338,56.7308604990609,173.3655567779839,6.283860218864311,1.027526981286062,21.03709830381948,43.91798815582701,26.93225290318655,76.60903296414556,99.72,Very High
100.32148278746338,56.7308604990609,173.3655567779839,6.283860218864311,1.027526981286062,21.03709830381948,56.63058866630656,26.93225290318655,76.60903296414556,99.72,Very High
100.32148278746338,56.7308604990609,173.3655567779839,6.283860218864311,1.027526981286062,21.03709830381948,55.20827824919421,26.93225290318655,76.60903296414556,99.72,Very High
100.32148278746338,56.7308604990609,173.3655567779839,6.283860218864311,1.027526981286062,21.03709830381948,58.321159176985006,26.93225290318655,76.60903296414556,99.72,Very High
100.32148278746338,56.7308604990609,173.3655567779839,6.283860218864311,1.027526981286062,21.03709830381948,17.98086626723295,26.93225290318655,76.60903296414556,99.72,Very High
100.32148278746338,56.7308604990609,173.3655567779839,6.283860218864311,1.027526981286062,21.03709830381948,49.602527651987245,26.93225290318655,76.60903296414556,99.72,Very High
100.32148278746338,56.7308604990609,173.3655567779839,6.283860218864311,1.027526981286062,21.03709830381948,21.999368836088145,26.93225290318655,76.60903296414556,99.72,Very High
100.32148278746338,56.7308604990609,173.3655567779839,6.283860218864311,1.027526981286062,21.03709830381948,35.79092840092055,26.93225290318655,76.60903296414556,99.72,Very High
100.32148278746338,56.7308604990609,173.3655567779839,6.283860218864311,1.027526981286062,21.03709830381948,42.42942075273442,26.93225290318655,76.60903296414556,99.72,Very High
100.32148278746338,56.7308604990609,173.3655567779839,6.283860218864311,1.027526981286062,21.03709830381948,35.13697423734153,26.93225290318655,76.60903296414556,99.72,Very High
100.32148278746338,56.7308604990609,173.3655567779839,6.283860218864311,1.027526981286062,21.03709830381948,40.980583790150376,26.93225290318655,76.60903296414556,99.72,Very High
100.32148278746338,56.7308604990609,173.3655567779839,6.283860218864311,1.027526981286062,21.03709830381948,64.82631543993097,26.93225290318655,76.60903296414556,99.72,Very High
100.32148278746338,56.7308604990609,173.3655567779839,6.283860218864311,1.027526981286062,21.03709830381948,21.76086568564273,26.93225290318655,76.60903296414556,99.72,Very High
100.32148278746338,56.7308604990609,173.3655567779839,6.283860218864311,1.027526981286062,21.03709830381948,48.77280226682128,26.93225290318655,76.60903296414556,99.72,Very High
100.32148278746338,56.7308604990609,173.3655567779839,6.283860218864311,1.027526981286062,21.03709830381948,34.80004831928076,26.93225290318655,76.60903296414556,99.72,Very High
100.32148278746338,56.7308604990609,173.3655567779839,6.283860218864311,1.027526981286062,21.03709830381948,21.65048994536644,26.93225290318655,76.60903296414556,99.72,Very High
100.32148278746338,56.7308604990609,173.3655567779839,6.283860218864311,1.027526981286062,21.03709830381948,22.936838168715475,26.93225290318655,76.60903296414556,99.72,Very High
100.32148278746338,56.7308604990609,173.3655567779839,6.283860218864311,1.027526981286062,21.03709830381948,62.46365531228084,26.93225290318655,76.60903296414556,99.72,Very High
100.32148278746338,56.7308604990609,173.3655567779839,6.283860218864311,1.027526981286062,21.03709830381948,58.9800748355881,26.93225290318655,76.60903296414556,99.72,Very High
100.32148278746338,56.7308604990609,173.3655567779839,6.283860218864311,1.027526981286062,21.03709830381948,60.35209802075109,26.93225290318655,76.60903296414556,99.72,Very High
100.32148278746338,56.7308604990609,173.3655567779839,6.283860218864311,1.027526981286062,21.03709830381948,64.57663879136933,26.93225290318655,76.60903296414556,99.72,Very High
100.32148278746338,56.7308604990609,173.3655567779839,6.283860218864311,1.027526981286062,21.03709830381948,25.41576950042589,26.93225290318655,76.60903296414556,99.72,Very High
100.32148278746338,56.7308604990609,173.3655567779839,6.283860218864311,1.027526981286062,21.03709830381948,32.77196686820309,26.93225290318655,76.60903296414556,99.72,Very High
100.32148278746338,56.7308604990609,173.3655567779839,6.283860218864311,1.027526981286062,21.03709830381948,48.46095149624333,26.93225290318655,76.60903296414556,99.72,Very High
100.32148278746338,56.7308604990609,173.3655567779839,6.283860218864311,1.027526981286062,21.03709830381948,39.190126993032365,26.93225290318655,76.60903296414556,99.72,Very High
100.32148278746338,56.7308604990609,173.3655567779839,6.283860218864311,1.027526981286062,21.03709830381948,35.91947666891667,26.93225290318655,76.60903296414556,99.72,Very High
100.32148278746338,56.7308604990609,173.3655567779839,6.283860218864311,1.027526981286062,21.03709830381948,32.890562466779656,26.93225290318655,76.60903296414556,99.72,Very High
100.32148278746338,56.7308604990609,173.3655567779839,6.283860218864311,1.027526981286062,21.03709830381948,44.689031597172615,26.93225290318655,76.60903296414556,99.72,Very High
100.32148278746338,56.7308604990609,173.3655567779839,6.283860218864311,1.027526981286062,21.03709830381948,43.7796714320041,26.93225290318655,76.60903296414556,99.72,Very High
100.32148278746338,56.7308604990609,173.3655567779839,6.283860218864311,1.027526981286062,21.03709830381948,23.072891703212004,26.93225290318655,76.60903296414556,99.72,Very High
100.32148278746338,56.7308604990609,173.3655567779839,6.283860218864311,1.027526981286062,21.03709830381948,38.58699187592195,26.93225290318655,76.60903296414556,99.72,Very High
100.32148278746338,56.7308604990609,173.3655567779839,6.283860218864311,1.027526981286062,21.03709830381948,42.67358881049249,26.93225290318655,76.60903296414556,99.72,Very High
100.32148278746338,56.7308604990609,173.3655567779839,6.283860218864311,1.027526981286062,21.03709830381948,43.51434693656952,26.93225290318655,76.60903296414556,99.72,Very High
100.32148278746338,56.7308604990609,173.3655567779839,6.283860218864311,1.027526981286062,21.03709830381948,25.505359645617588,26.93225290318655,76.60903296414556,99.72,Very High
100.32148278746338,56.7308604990609,173.3655567779839,6.283860218864311,1.027526981286062,21.03709830381948,52.11356961261434,26.93225290318655,76.60903296414556,99.72,Very High
100.32148278746338,56.7308604990609,173.3655567779839,6.283860218864311,1.027526981286062,21.03709830381948,16.25995474105348,26.93225290318655,76.60903296414556,99.72,Very High
100.32148278746338,56.7308604990609,173.3655567779839,6.283860218864311,1.027526981286062,21.03709830381948,32.74159277715813,26.93225290318655,76.60903296414556,99.72,Very High
100.32148278746338,56.7308604990609,173.3655567779839,6.283860218864311,1.027526981286062,21.03709830381948,54.01063242678168,26.93225290318655,76.60903296414556,99.72,Very High
100.32148278746338,56.7308604990609,173.3655567779839,6.283860218864311,1.027526981286062,21.03709830381948,43.19464605277012,26.93225290318655,76.60903296414556,99.72,Very High
100.32148278746338,56.7308604990609,173.3655567779839,6.283860218864311,1.027526981286062,21.03709830381948,28.058121625543013,26.93225290318655,76.60903296414556,99.72,Very High
100.32148278746338,56.7308604990609,173.3655567779839,6.283860218864311,1.027526981286062,21.03709830381948,49.74765596715238,26.93225290318655,76.60903296414556,99.72,Very High
100.32148278746338,56.7308604990609,173.3655567779839,6.283860218864311,1.027526981286062,21.03709830381948,43.36954720780367,26.93225290318655,76.60903296414556,99.72,Very High
100.32148278746338,56.7308604990609,173.3655567779839,6.283860218864311,1.027526981286062,21.03709830381948,54.81218047281936,26.93225290318655,76.60903296414556,99.72,Very High
100.32148278746338,56.7308604990609,173.3655567779839,6.283860218864311,1.027526981286062,21.03709830381948,51.75125930949117,26.93225290318655,76.60903296414556,99.72,Very High
100.32148278746338,56.7308604990609,173.3655567779839,6.283860218864311,1.027526981286062,21.03709830381948,45.50539610181173,26.93225290318655,76.60903296414556,99.72,Very High
100.32148278746338,56.7308604990609,173.3655567779839,6.283860218864311,1.027526981286062,21.03709830381948,39.4088837655407,26.93225290318655,76.60903296414556,99.72,Very High
100.32148278746338,56.7308604990609,173.3655567779839,6.283860218864311,1.027526981286062,21.03709830381948,21.65910628337617,26.93225290318655,76.60903296414556,99.72,Very High
100.32148278746338,56.7308604990609,173.3655567779839,6.283860218864311,1.027526981286062,21.03709830381948,28.066650894269188,26.93225290318655,76.60903296414556,99.72,Very High
100.32148278746338,56.7308604990609,173.3655567779839,6.283860218864311,1.027526981286062,21.03709830381948,35.95497364585427,26.93225290318655,76.60903296414556,99.72,Very High
101.9509500904472,64.12702393835785,120.94933397092647,6.442795070506309,0.8904532804161631,21.882904062545258,35.44203742607343,25.940144502659628,79.00619187209716,100.0,Very High
95.95954986507134,46.580842455391696,133.302008825404,6.400945484537719,1.010153489062532,21.37125659369705,58.66824560073842,23.76488903139866,66.38146867402784,99.9,Very High
80.17291681716706,55.028965871541565,161.07041282809266,6.496079861567039,1.5818210898032703,18.99795343383484,47.886650171614015,21.42069434657555,71.28718103565454,94.18,Very High
60.452505045279736,62.28625216755268,141.06728840838562,6.162501984531513,0.8100065790898383,19.746203912515583,23.32892264832289,26.099787436834724,78.28404669466623,100.0,Very High
94.73674553305698,55.52852043642518,183.3734823225589,6.623997651879979,1.604474527218257,23.816387326437543,54.51838493252074,20.38289670553092,73.37635266110703,93.96,Very High
79.99381919935702,35.99764708654849,183.9242810054908,6.00408766115576,0.4322016464650372,21.473745054147663,39.222397633450726,20.24382979799796,69.90761713955224,100.0,Very High
111.42258104973746,45.60320223260104,81.18928345893843,6.2690407475181535,1.4651976558129465,21.11793755005424,22.750156256899498,23.04502924054836,78.61158673179784,95.35,Very High
61.67623856893385,70.11980152768163,173.3655567779839,6.60093872154143,1.5713214495821046,17.796637708320233,41.98869020653244,20.60849245962089,73.71586442309196,94.29,Very High
100.93794679140537,73.07090230477587,135.28803202900087,5.980158647732619,0.5727264792560081,17.128225251640984,36.68657115902808,18.09087034951216,71.9689063656822,100.0,Very High
125.90319662542458,36.86500163577851,198.6608649564396,5.909863113740783,0.9455197985583006,24.709481509496392,55.109976194505,24.48297527298801,77.52760627089029,98.16,Very High
72.20864869780496,77.61933761993623,137.98784910505222,6.68368396768799,0.5482496619954834,20.01588933829473,28.159784144375493,23.11093821472398,68.59867496821867,100.0,Very High
93.01546435254168,46.44113089243047,198.4275134465957,6.142929662759196,1.3599061934913268,21.825704496796035,53.05858437968732,22.45517814493161,90.04913479303599,96.4,Very High
66.39953942719967,63.115686936536,170.54832334468838,6.483870124909032,1.1030216520924851,17.63772058549828,42.3075476474181,27.66968514618316,88.42795664381946,98.97,Very High
103.79773385829468,67.59125729783406,109.83258615359676,5.825348604263938,1.2529850200624817,22.46491428578437,22.18441212853876,23.71199183962913,84.10575581499445,97.47,Very High
98.5372176417358,70.59731173189417,144.60739751443492,6.4900468884094495,0.5947304504343167,24.46053366964769,58.873812053019385,26.63431577789385,67.86777334488832,100.0,Very High
88.51558669489826,77.2874851112965,199.05627673742995,6.11610131154697,0.6176187930786292,21.60532202397936,40.504609764128,19.3945023620516,85.94868587068171,100.0,Very High
96.49639150316187,45.64597740144113,182.90367293023084,5.855740853587442,0.3622459882648595,18.008922579003283,31.63507416926329,23.69206463129428,86.81484785894351,100.0,Very High
122.76022609283072,72.92532272757772,91.68402725494651,6.409812761548117,0.7831013027935946,21.65377221978781,38.77627367957032,26.67979626730903,85.72964467828712,99.14,Very High
73.74060116177469,36.58434517181036,164.76463961719952,6.040803816073173,1.1396169920005124,23.13077770483721,54.31431134069956,23.83105757279898,68.07707895221951,98.6,Very High
61.57951581937431,65.25204531767963,121.46955030449756,6.18680724205188,1.5869023709959933,20.25133229259215,32.19612497540254,25.180141781270017,82.38551484082964,94.13,Very High
120.31654192893708,67.09888647569929,80.83787142564178,5.880580812286514,1.3003911711880212,24.038701983531745,27.707055859468014,21.720435678122072,87.52676948523376,96.9,Very High
100.39819576715344,63.88616206006602,128.41771628323994,5.9471632510949455,0.9530944850996272,22.18946362685892,25.16284987723526,18.924495170370665,80.58854183293103,100.0,Very High
122.34609188232898,42.61573680675765,108.17053060699656,6.097977235495844,1.729680171591207,24.19399134631362,31.91437593560845,22.57900295127072,82.4529991311584,91.97,Very High
101.78616563892209,73.65215735076018,178.2643124624566,5.889759500560157,1.3788678008637478,21.988042489978696,51.20192348160174,21.944793908388576,77.37581394451027,96.21,Very High
116.71127629717918,38.44292316851975,120.47967306149188,6.710826264686315,1.695247804293825,18.0503037760386,38.865054607810464,26.670601823789475,79.27509763686942,93.05,Very High
90.07713543486037,32.681739576041544,179.30284327445804,5.806047043183979,1.0913819599082486,19.47753368884151,29.0992641477416,20.439953023524723,65.92817517549658,99.09,Very High
112.4901951901788,65.87324953059561,80.07175266017543,6.283860218864311,0.6883564121897094,18.614359586019656,26.647399984389967,27.66734227535108,82.25200159327869,100.0,Very High
123.91290268228992,53.77378576163669,116.93829800313428,5.923247458132551,0.3792400295470829,24.2706119817349,33.30917906041516,27.58138119804496,67.19907474806129,98.78,Very High
100.04860746055444,72.4549009979338,108.93982571693144,6.107679089477949,1.3891272772257757,23.083200538299863,57.59697491542836,20.476316430714387,76.74539404718604,96.11,Very High
72.65496053936657,49.16985705291295,108.02808332823332,6.726059559818266,0.4819544970083012,22.411186951280047,33.721068503600975,21.48051955477321,72.90168763702002,100.0,Very High
78.81583305211387,38.41392942538564,88.18239437185552,5.961694553273986,0.7541626924079508,19.40773055705297,59.52496303818541,26.955557408738848,79.72655465571626,100.0,Very High
73.90512038281841,71.82210962349349,102.4549124492602,6.765832319718332,1.098706361825846,18.47235817640171,39.40921823061424,27.66622220896108,68.6022410591266,99.01,Very High
77.2799919317013,57.44548158200358,146.66594838627438,6.005794376989422,1.1466248816696216,23.05160870391129,27.16655673160604,22.43439102836044,83.6743718532796,98.53,Very High
81.44908145457255,39.45978961951774,114.96332874052932,6.54156610846683,1.200874795480704,20.79326356703264,55.645603671740375,21.20997045640898,86.4653114970687,97.99,Very High
98.8593650727232,66.0191999293223,130.08737387949776,6.346677264897312,0.5493829955245509,18.806316417205032,38.41421492539308,23.260940132515422,69.41057014306523,100.0,Very High
101.1594140624683,55.555681924475024,125.22402564166262,6.684478727596759,0.8696061072324732,21.9329758253222,48.38685374018098,24.87769206365735,67.81645335850082,100.0,Very High
89.85498230693028,60.215649112016,185.10859099998737,6.353993255503131,1.22579134067545,17.322670817107614,59.34846332836607,20.7347451537498,68.9289180352587,97.74,Very High
103.07945458745849,53.04491691032909,188.63587988126187,6.334559219156309,1.7547282969506772,19.609362033026027,22.00701401279896,25.364731746190728,88.68244417125955,92.45,Very High
65.71024479279562,71.43544919090033,139.1548365987032,5.9954580003684,1.391446706549533,20.74845595672908,23.867782391502686,18.51657357114641,79.26111006742161,96.09,Very High
66.1451765940712,71.4781357841525,119.61871403787254,5.966229362051658,1.6839056356409368,18.183666672875248,48.818269658510246,18.492944927644164,77.61604689220258,93.16,Very High
72.0280622250361,65.46944109121931,92.81608448028364,6.716489151115514,1.4433180874712657,24.87723582072672,31.27300013181888,21.86287705145545,67.88121911576357,95.57,Very High
96.26542486282412,35.27006886982311,194.40834552585144,6.127838198850034,1.1875754533386007,18.672778916716915,27.37205587800396,21.534731920607207,82.53801218243797,98.12,Very High
74.97962750888195,71.94269309520345,87.2272333880357,6.172082254962896,0.5880350537045168,18.042825040346123,21.57447519278918,21.15633215367152,88.43598898116743,100.0,Very High
79.82990824448041,63.55064902664549,115.71803330819364,6.559823658428388,1.3000284778387696,18.62827899109517,20.87386847944807,22.9101976266891,87.36101847173323,97.0,Very High
88.02189853210959,64.85120830021498,115.7679441404005,6.138823482422807,1.2350693489398603,23.152489065277795,50.97942412479164,21.20733582311572,81.90347714248163,97.65,Very High
116.8306286807266,48.14914202019358,118.44815433682578,6.752062446639003,1.2037037556858996,20.40404527417474,25.377337094782,19.92257918468092,67.03252534959519,97.96,Very High
60.97034951390021,73.96397780785034,99.71442119268912,6.5379277689988005,1.0346788019823612,21.523327518020302,38.70882463884604,21.09469549088601,68.03471973375235,99.65,Very High
105.45651741656356,66.26858001174287,173.97937171084368,6.39742924257342,1.0929849059839134,17.168073255890885,44.23587260717932,27.74904272810235,66.33134265196527,99.07,Very High
106.82135717284795,35.629523326459726,94.6997434359187,6.680895160544752,0.8016637906771562,17.275450468586516,37.13407202275385,22.111134169948485,71.95193884529667,100.0,Very High
115.90590462496456,50.38890172030813,156.18879909837955,5.849605908349482,1.0789690389634548,20.56660439861613,21.08426609344932,22.44712776858336,68.6628596133302,99.21,Very High
125.29270573422193,74.31901809800709,94.8615232046981,6.057062692189208,0.5963338585177174,23.53324194561299,51.34006010351635,23.7654498995114,72.02129708681572,98.35,Very High
61.40964942645029,32.35983508486895,88.4642765111548,6.26503633422091,1.5077615960405653,24.08191102966052,20.420528981666138,27.833407684142266,75.39656750441196,94.92,Very High
70.76485938592513,78.07083098210248,189.1315404423052,6.0269785394715205,0.5786654320480618,17.69365254076512,50.47559577509936,20.41601276435763,90.46053516992066,100.0,Very High
122.03199058391952,63.95812841597814,102.81545195824468,6.543905187302152,0.4274494348341996,21.30690481680818,55.73217975152491,24.81282110532434,81.48015361410569,99.37,Very High
92.09629935309108,61.56879888216884,178.5500185471645,6.719208031053725,0.954369039535736,24.305837490234165,37.31359684228689,25.15984693541724,87.54429221343999,100.0,Very High
99.52134472534244,43.527962824399566,145.3557045328563,6.223770119930923,1.2874611592590928,20.10378203518309,41.42169892391193,24.07324416793066,84.17949051923297,97.13,Very High
106.41190426062032,42.439589436958855,89.34278235305236,6.142132600111895,0.956575237400312,23.636526651426948,39.07933570470615,18.88578339636644,68.03758452421906,100.0,Very High
107.5346623146946,77.10291097442978,194.65378297256808,6.761550732137566,0.7151311979269629,18.06956523519549,35.56834474493755,24.768722758275764,84.86985097209661,100.0,Very High
125.22182823215556,44.91362271170614,109.6353400390271,6.244852432827541,1.137256775835661,24.48315591734239,55.496981414814414,18.64094711036176,72.42766980209636,97.0,Very High
129.78645921881687,68.77526483594997,183.1574414423128,6.289048400449283,0.8205035031182999,23.01138654025042,55.75734042679962,23.96142649549897,82.25591186885707,96.94,Very High
110.41102226516584,49.65608991035396,100.2572006941477,6.151649872341905,1.6993015351899496,24.530675142295213,33.43265458566138,25.395811772217428,74.2059732883607,93.01,Very High
80.10548464436056,36.9627035392352,182.4731458570224,6.709548473012138,1.6839677094053582,22.41293786842005,44.60279016058792,20.109698906199505,91.9371511081458,93.16,Very High
121.58266816060404,30.535764884767943,81.58745754863529,6.368955483281851,1.0535577299581431,19.90723145599541,57.07630248583457,26.41622007542774,72.115889946413,98.97,Very High
63.44546401785331,57.21286685076254,141.41365478833768,6.562174587181644,0.7918259910273877,24.50544938019778,58.48233995765406,18.303538055330044,72.53652271090527,100.0,Very High
76.17565970121473,78.78894092744663,172.3331095305868,6.611806718350886,1.405698620934959,19.204534210473422,40.3583616168819,26.43812863658306,90.12815090018476,95.94,Very High
122.81700022246004,48.45680969046023,192.175462099134,6.141849041917258,0.3550694152245999,19.65738017649386,38.11299221137307,22.60329050642765,65.66539892518071,99.12,Very High
77.93340601075485,47.85961669965224,189.10425634477843,6.23369433132038,1.012153509065477,22.60646734401392,31.14777263714103,20.175879399316443,83.81060267257632,99.88,Very High
75.44557417352239,47.20458089247211,178.35498434571738,6.648471774406264,0.8044850914055004,23.12253039620309,58.3548749276164,19.33778144993968,84.58381254986871,100.0,Very High
69.66877051981731,56.027191865242926,186.5829619593565,6.16325535167581,1.680803827653832,24.43522787079323,25.71257217891469,27.533071675823727,87.58222159008078,93.19,Very High
120.13782303528416,52.03324417121468,103.9063623004492,6.5939351334518514,0.3180045409090238,18.638419272449674,43.193183041909,18.726655875811566,91.30986138723884,99.96,Very High
95.00407814337606,73.99573133635073,114.10211548540744,6.740992322574437,1.1292223135775237,23.38398428175379,31.302010700745555,19.990934199359256,91.34125181722962,98.71,Very High
107.24252421379084,55.27603958617452,114.67622299052702,6.423210373068007,1.410995371599939,22.90836842717571,31.160331613911865,21.47822347433046,66.76247245429452,95.89,Very High
76.73464688525208,55.38789190942844,125.24647172020386,6.541627287451889,1.027526981286062,17.510356450028784,36.19874349504754,24.202348489611204,87.18966171432837,99.72,Very High
113.06282947078516,36.91857973602783,127.19848044622265,6.605097312041135,0.4281045452440825,20.09778512968165,59.95171743262618,23.448010852760984,82.4503682087493,100.0,Very High
113.2003881473469,79.1369770455193,145.34663895856107,6.645039648896642,1.7586920850418533,19.26212365648079,22.198652273592884,19.25643492412314,82.47823762807346,92.41,Very High
81.88186174358101,42.498644543441486,99.18557160397296,6.195053337856796,1.077015647064147,19.435923394832244,43.14167272814126,20.897279837382147,68.46544801859676,99.23,Very High
88.7477843107198,33.66820337298013,162.94959965431872,5.851263459175998,1.221279366478517,24.86357503643761,23.302886321411087,20.38751771086024,82.55505349403265,97.79,Very High
74.67831942011406,63.15731244876044,100.10798471654078,6.201876271236739,0.654914674061261,22.142219307839422,26.18083319962076,20.13542854490341,91.5270296762337,100.0,Very High
128.35927163260328,59.76831850784363,117.2370178525457,6.473756229784089,1.0252471276602058,22.741409262348,37.58251767091595,22.11144336479987,89.61910137756507,97.14,Very High
105.1921803940888,50.75728269963729,140.4014156727385,6.250350385780792,0.9437242379374828,24.812941098520074,40.41840525385766,25.04031452591657,76.85652784173097,100.0,Very High
125.41807165008608,51.1096116940339,175.57286738281726,6.548963150860399,0.4123437630029756,20.01761425966111,30.35169633458096,20.17452932217236,66.07859527872455,98.31,Very High
81.23698805403933,69.25319605232156,168.73630798864727,6.156982429468664,0.4592405303212008,23.414721347622447,32.658285234976645,21.666788797029813,74.78192423000553,100.0,Very High
114.73236390978228,39.78563200498245,157.46412276926267,6.434744141104029,1.5562087794281618,20.476247706435963,23.47868081023732,21.909174268411626,87.312538413215,94.44,Very High
113.61010507193194,71.01266594724449,98.6927912696204,5.986419804853974,0.6597299283098854,23.95626937451984,32.12879135377002,27.7645652943541,83.94047573955947,100.0,Very High
108.4158956306579,62.437355694750906,145.6454414738693,6.549369436644957,0.5924374072479458,18.445260330490427,58.66233757522176,27.546663568790688,77.40227870103682,100.0,Very High
127.59472826867604,50.94848868897622,90.49358021598626,6.3456959688130254,1.0573671768752089,24.58148941651424,57.78829526689927,26.00137582752076,66.48774144928844,97.05,Very High
87.54887352744208,52.90143082919343,125.28358121559808,6.004064388546601,1.4531206970437691,18.75017366728704,33.3951316054794,20.41658920819185,76.52615765122917,95.47,Very High
69.15021265128301,42.83236035930479,129.6219836347951,6.091911173497807,0.3929197778684818,19.609764055847453,42.83415745115046,18.680373140916696,77.66367337238286,100.0,Very High
107.01962014708424,67.60571663484873,84.77737273349047,6.548608708581832,1.1652118794573838,23.049537872854245,56.383815644437774,21.16904137720625,90.07099938814167,98.35,Very High
111.05168603340442,55.64373711526339,112.8785719363966,6.28260123566152,0.47881566426086,20.150041132523253,20.247352905635868,20.66794549433831,82.3093247967183,100.0,Very High
100.25424014211704,46.04272713749218,194.6779360719787,6.016031440393072,0.3546915762384277,21.86569101413157,52.42734281350367,23.05925800146393,73.41462874967551,100.0,Very High
74.47725251933774,59.80250578804751,194.4359129395628,6.767271190370297,0.3791159282433261,20.55658800855543,57.93478211155676,25.77727910067793,79.18359314016948,100.0,Very High
95.31191591685489,79.78672260256616,122.27924651030472,6.515125019816888,1.551246162312662,22.93895949671825,23.65302937334228,26.58322938878858,66.78349331119833,94.49,Very High
81.85328155983906,51.76311398282769,85.1720130737989,6.757134832539796,0.4769587254420923,18.82665001894889,26.45790744131684,26.448640854105086,91.2593423625429,100.0,Very High
89.92265697166823,76.03457003893098,101.4913927193818,6.227105045360343,0.3677270466184379,17.467663897895015,58.42985211085421,21.59675561223068,74.7216173521296,100.0,Very High
105.16530030912648,47.2508419962283,127.06613521202482,6.27510034069172,0.9568498307143684,19.39943517978453,41.50160574561385,24.87234343460683,77.90241858265466,100.0,Very High
112.1650319883584,32.736635346249294,193.7335637563076,6.697955216185019,1.5659902079130372,20.79446931894744,20.567865378868948,21.1283419752422,74.59266730439691,94.34,Very High
76.25572836309402,40.21210531842144,96.9438876244622,6.325049340245385,0.6936125647339528,18.344160417541428,30.305279950541166,18.609055432351827,83.4278167131374,100.0,Very High
88.37277524528673,50.93475716638421,171.62190124018548,6.507278911905667,0.9325689262888746,19.83837831725111,37.99774697075439,25.015652656029424,82.88026827489901,100.0,Very High
78.84130996941404,40.98174642972845,93.04190472496305,6.05217287749553,0.3598837988456268,20.19986414634855,47.71635644099071,18.09827552569788,84.31370238428667,100.0,Very High
73.90421297033083,30.011351910912776,197.75090928695323,6.24672646870264,0.9736177712023136,17.459134749506187,49.32641512547198,22.091825874584885,72.23986719952187,100.0,Very High
114.83710539970868,75.75007688737637,125.7939798930962,5.923449865810355,1.1664196209557005,21.666457985473635,59.81686051701824,21.293792693020755,73.52304899142979,98.34,Very High
123.64768861058948,72.19397056154645,173.02814466788672,6.005980035876961,1.1563605806282171,24.0747474237703,31.50044797535036,24.933775385188525,68.38178323959761,97.3,Very High
85.91625299792037,67.11461157434735,121.1109299373358,5.800943415267631,0.7986400382615477,18.21394330362442,41.52880407473901,25.662454727603787,82.69876923984503,100.0,Very High
112.58952470616369,38.39072978230144,155.32026525905704,5.83926505164866,0.7732997709947033,21.78246410721212,41.3329419143842,21.04094635971284,66.07452243806262,100.0,Very High
122.78967025550878,36.0181788104993,103.0419301688044,6.777283823176929,0.4599354284048968,22.31791363928677,36.2258103778895,26.11627014444853,81.1374230591334,99.13,Very High
119.2286947371162,33.38023747361916,97.52252231563553,6.042353695136762,0.8501974809694026,20.354677443354305,26.76647575369681,20.93916760504933,88.48178889099411,100.0,Very High
72.79693719774582,66.20145943864605,192.56769674817576,6.463310709504002,0.4492420033094469,22.60878069891416,59.0982625273537,22.463263599865613,89.05246800382011,100.0,Very High
126.9404317059353,76.44039803439426,190.117673348532,6.639099698799612,1.4498939170680776,20.28585234792809,54.13268746666344,25.27018527014134,77.12401952998897,93.33,Very High
86.36735083006238,51.52679104565185,186.49627282554587,6.350660459236564,1.7494114466222788,21.03709830381948,39.93332113176949,24.929202292247886,77.40119958175299,92.51,Very High
83.74684628216855,35.95703359980241,155.05201401999122,5.9531445000839565,1.7551116850000603,17.058824356435416,44.12981690736119,27.873684723122,67.07816794121646,92.45,Very High
64.37019290944463,55.61964103660533,176.99218534595337,6.528116437336166,1.597606649063091,22.53376091307751,29.090442142386493,20.25161024215932,83.11065568696196,94.02,Very High
94.0321557873418,47.4415953729315,88.28443242936498,6.400251410099583,1.2011882240094287,22.290741431557795,41.751482815669874,24.623179135395823,87.17400435006682,97.99,Very High
67.630953094865,48.741246217499885,120.17468502688148,6.531250589347375,1.35129854586582,17.307207018610757,47.79880532485903,24.096819082757776,71.60568647432726,96.49,Very High
77.39778746491982,61.06653120778536,117.64437497085876,6.569746622857087,0.7278087040206211,19.946000859161064,40.60668113546355,27.150984544900297,76.37512380410084,100.0,Very High
82.1859835237097,65.93590566311012,156.2774386343136,6.775410367684745,1.246155630258931,24.83225472633334,59.61140682339765,19.56362141644875,87.6486620926623,97.54,Very High
116.61784264441788,35.53017994365804,122.71493281647686,6.37356328002671,0.9834743241598164,20.36589250054893,44.45366624990905,25.51798163586933,88.68225262688178,100.0,Very High
121.28420552771276,31.77951154032382,97.8208137972417,6.141641112690602,1.0230260096653987,21.01556324105473,34.838948503686765,23.682686162687684,71.5658594671341,99.37,Very High
81.17264222230287,79.71651513428574,151.57604904962523,6.448464556900237,1.436664840562737,24.279441265277747,50.886081104633526,20.746658697879056,79.86540713261684,95.63,Very High
120.10886848712018,41.6364174457776,177.72607048028976,5.868440709242626,0.7228775333958775,22.73809500692605,26.81850046326568,22.74434914147174,70.19731506716732,99.97,Very High
120.00616561588538,32.69152624542296,125.85481933519678,6.6973973183215865,0.7770594175417798,21.656561048993787,35.38063254825066,21.33776597069798,67.75072663176803,100.0,Very High
113.52556652694116,39.493766454796,95.8722458118178,5.919381011338197,1.686962686692955,23.38243745072858,33.87835801510343,23.79313402788461,89.60025353758286,93.13,Very High
70.2686579810627,31.94789231742321,103.60258367753876,6.127842837885818,0.3843364422764583,23.914930131647782,37.27228380431109,26.890006108146657,87.15370261426695,100.0,Very High
108.32259928305103,49.59054473085858,108.49799662032608,6.61574538062612,1.0284514476200106,20.655104573898136,51.271193037149054,23.693049844122022,85.5209423486857,99.72,Very High
126.15168452063982,70.12008922256621,115.98771115934434,6.397312378330712,1.669201200611793,20.800866919454684,39.3669212865363,24.31722418326584,66.3166906079548,91.39,Very High
